config,hyperparameters,seed,iterations,n_sites,sites,n_reactions,n_self_binding_reactions,mis_assembled_snapshots,snapshots,first_mis_assembled_step,largest_mis_assembled,worst_min_com_separation_nm,self_binding_bonds_final,stretched_bond_snapshots,first_stretched_bond_step,largest_complex_final,complex_sizes_final,lattice_bond_completeness_final,closure_translation_error_nm,closure_rotation_error_deg,closure_closes,wall_s,nerdss_returncode,error
comcap2.0_homotypic-off,"{""com_shift_cap_ang"": 2.0, ""homotypic_detection"": ""off""}",1,20000,4,aa1b aa1f aa2b aa2f,2,0,16,50,14000,8,0.2784751650696787,0,0,,8,8 8 7 7 6 4 3 3 3 2,0.839,0.2785,7.59,False,1.0,0,
comcap20.0_homotypic-off,"{""com_shift_cap_ang"": 20.0, ""homotypic_detection"": ""off""}",1,20000,4,aa1b aa1f aa2b aa2f,2,0,16,50,14000,8,0.2784751650696787,0,0,,8,8 8 7 7 6 4 3 3 3 2,0.839,0.2785,7.59,False,1.0,0,
comcap20.0_homotypic-off_treg1.0,"{""com_shift_cap_ang"": 20.0, ""homotypic_detection"": ""off"", ""template_regularization_strength"": 1.0}",1,20000,4,aa1b aa1f aa2b aa2f,2,0,12,50,15600,9,2.315233377438583,0,0,,11,11 9 7 6 5 5 4 3 2 2,,,,,1.1,0,
cutoff0.75_limit3.0,"{""interface_detect_distance_cutoff"": 0.75, ""nerdss_overlap_sep_limit"": 3.0}",1,100000,4,aa1b aa1f aa2b aa2f,2,0,0,50,,0,3.745968047962904,0,0,,20,20 17 13 9 7 4 4,0.965,0.2181,2.294,True,2.9,0,
cutoff0.75_limit3.0,"{""interface_detect_distance_cutoff"": 0.75, ""nerdss_overlap_sep_limit"": 3.0}",2,100000,4,aa1b aa1f aa2b aa2f,2,0,0,50,,0,3.745968047977358,0,0,,25,25 20 9 8 7 6,0.975,0.2181,2.294,True,2.8,0,
cutoff0.75_limit3.0,"{""interface_detect_distance_cutoff"": 0.75, ""nerdss_overlap_sep_limit"": 3.0}",3,100000,4,aa1b aa1f aa2b aa2f,2,0,0,50,,0,3.745968047962018,0,0,,26,26 13 12 10 5 3 3,0.982,0.2181,2.294,True,2.9,0,
cutoff0.85_limit3.0,"{""interface_detect_distance_cutoff"": 0.85, ""nerdss_overlap_sep_limit"": 3.0}",1,100000,4,aa1b aa1f aa2b aa2f,2,0,0,50,,0,3.971949099973339,0,0,,22,22 12 11 8 8 7 3 3,0.73,0.7057,5.785,False,4.2,0,
cutoff0.85_limit3.0,"{""interface_detect_distance_cutoff"": 0.85, ""nerdss_overlap_sep_limit"": 3.0}",2,100000,4,aa1b aa1f aa2b aa2f,2,0,0,50,,0,3.971949099978718,0,45,12000,17,17 13 10 9 7 5 4 3 2,0.653,0.7057,5.785,False,4.5,0,
cutoff0.85_limit3.0,"{""interface_detect_distance_cutoff"": 0.85, ""nerdss_overlap_sep_limit"": 3.0}",3,100000,4,aa1b aa1f aa2b aa2f,2,0,0,50,,0,3.971949099976187,0,0,,15,15 10 8 8 7 7 6 4 3 3,0.722,0.7057,5.785,False,3.8,0,
cutoff0.8_limit3.0,"{""interface_detect_distance_cutoff"": 0.8, ""nerdss_overlap_sep_limit"": 3.0}",1,100000,4,aa1b aa1f aa2b aa2f,2,0,6,50,90000,24,3.300796367263211,0,0,,24,24 14 8 8 7 7 3 3,0.831,0.3941,9.335,False,3.8,0,
cutoff0.8_limit3.0,"{""interface_detect_distance_cutoff"": 0.8, ""nerdss_overlap_sep_limit"": 3.0}",2,100000,4,aa1b aa1f aa2b aa2f,2,0,0,50,,0,3.8398260890581524,0,5,92000,21,21 18 13 11 6 3,0.748,0.3941,9.335,False,4.2,0,
cutoff0.8_limit3.0,"{""interface_detect_distance_cutoff"": 0.8, ""nerdss_overlap_sep_limit"": 3.0}",3,100000,4,aa1b aa1f aa2b aa2f,2,0,0,50,,0,3.8398260890596347,0,0,,26,26 24 11 5 3 2,0.755,0.3941,9.335,False,5.2,0,
cutoff0.95_limit3.0,"{""interface_detect_distance_cutoff"": 0.95, ""nerdss_overlap_sep_limit"": 3.0}",1,100000,4,aa1b aa1f aa2b aa2f,2,0,10,50,82000,36,4.15926702729463,0,0,,36,36 14 11 10 3,0.613,0.3862,6.915,False,5.9,0,
cutoff0.95_limit3.0,"{""interface_detect_distance_cutoff"": 0.95, ""nerdss_overlap_sep_limit"": 3.0}",2,100000,4,aa1b aa1f aa2b aa2f,2,0,0,50,,0,4.159267027294914,0,0,,19,19 18 17 9 4 3 2 2,0.734,0.3862,6.915,False,4.5,0,
cutoff0.95_limit3.0,"{""interface_detect_distance_cutoff"": 0.95, ""nerdss_overlap_sep_limit"": 3.0}",3,100000,4,aa1b aa1f aa2b aa2f,2,0,0,50,,0,4.159267027294294,0,0,,17,17 16 10 9 6 5 4 3 2 2,0.714,0.3862,6.915,False,4.2,0,
cutoff1.0,"{""interface_detect_distance_cutoff"": 1.0}",1,100000,4,aa1b aa1f aa2b aa2f,2,0,44,50,14000,47,0.13950701928914042,0,0,,47,47 23 3,1.0,0.2175,2.101,True,4.3,0,
cutoff1.0,"{""interface_detect_distance_cutoff"": 1.0}",2,100000,4,aa1b aa1f aa2b aa2f,2,0,44,50,14000,49,0.1395070192906031,0,0,,49,49 19 6,1.0,0.2175,2.101,True,3.6,0,
cutoff1.0,"{""interface_detect_distance_cutoff"": 1.0}",3,100000,4,aa1b aa1f aa2b aa2f,2,0,42,50,18000,29,0.13950701928251782,0,0,,27,27 24 11 10 3,1.0,0.2175,2.101,True,3.3,0,
cutoff1.0,"{""interface_detect_distance_cutoff"": 1.0}",101,1000000,4,aa1b aa1f aa2b aa2f,2,0,100,100,10000,75,0.13950701928906203,0,87,140000,75,75,,0.2175,2.101,True,57.9,0,
cutoff1.0,"{""interface_detect_distance_cutoff"": 1.0}",102,1000000,4,aa1b aa1f aa2b aa2f,2,0,99,100,20000,75,0.1395070192888274,0,0,,75,75,,0.2175,2.101,True,51.4,0,
cutoff1.0,"{""interface_detect_distance_cutoff"": 1.0}",103,1000000,4,aa1b aa1f aa2b aa2f,2,0,100,100,10000,75,0.13950701929234682,0,0,,75,75,,0.2175,2.101,True,62.2,0,
cutoff1.05_limit3.0,"{""interface_detect_distance_cutoff"": 1.05, ""nerdss_overlap_sep_limit"": 3.0}",1,100000,4,aa1b aa1f aa2b aa2f,2,0,0,50,,0,3.9862269753693402,0,0,,18,18 17 14 9 5 3 3 2,0.898,0.2492,1.421,True,3.4,0,
cutoff1.05_limit3.0,"{""interface_detect_distance_cutoff"": 1.05, ""nerdss_overlap_sep_limit"": 3.0}",2,100000,4,aa1b aa1f aa2b aa2f,2,0,0,50,,0,3.9050160183409113,0,0,,21,21 15 10 8 8 5 3,0.935,0.2492,1.421,True,3.2,0,
cutoff1.05_limit3.0,"{""interface_detect_distance_cutoff"": 1.05, ""nerdss_overlap_sep_limit"": 3.0}",3,100000,4,aa1b aa1f aa2b aa2f,2,0,0,50,,0,3.706240350873605,0,0,,23,23 20 11 10 5 3 2,0.841,0.2492,1.421,True,4.6,0,
cutoff1.05_limit3.0,"{""interface_detect_distance_cutoff"": 1.05, ""nerdss_overlap_sep_limit"": 3.0}",101,1000000,4,aa1b aa1f aa2b aa2f,2,0,0,100,,0,3.9050160183481197,0,0,,34,34 21 20,0.934,0.2492,1.421,True,27.4,0,
cutoff1.05_limit3.0,"{""interface_detect_distance_cutoff"": 1.05, ""nerdss_overlap_sep_limit"": 3.0}",102,1000000,4,aa1b aa1f aa2b aa2f,2,0,0,100,,0,3.8045564176550593,0,0,,71,71 4,0.907,0.2492,1.421,True,32.0,0,
cutoff1.05_limit3.0,"{""interface_detect_distance_cutoff"": 1.05, ""nerdss_overlap_sep_limit"": 3.0}",103,1000000,4,aa1b aa1f aa2b aa2f,2,0,0,100,,0,3.8045564177008075,0,0,,30,30 22 12 10,0.925,0.2492,1.421,True,30.3,0,
cutoff1.05_limit3.0,"{""interface_detect_distance_cutoff"": 1.05, ""nerdss_overlap_sep_limit"": 3.0}",104,1000000,4,aa1b aa1f aa2b aa2f,2,0,0,100,,0,3.905016018379277,0,0,,75,75,0.952,0.2492,1.421,True,25.6,0,
cutoff1.05_limit3.0,"{""interface_detect_distance_cutoff"": 1.05, ""nerdss_overlap_sep_limit"": 3.0}",105,1000000,4,aa1b aa1f aa2b aa2f,2,0,0,100,,0,3.905016018349569,0,0,,55,55 19,0.957,0.2492,1.421,True,23.6,0,
cutoff1.05_limit3.0,"{""interface_detect_distance_cutoff"": 1.05, ""nerdss_overlap_sep_limit"": 3.0}",106,1000000,4,aa1b aa1f aa2b aa2f,2,0,0,100,,0,3.804556417682139,0,0,,38,38 36,0.951,0.2492,1.421,True,26.6,0,
cutoff1.05_limit3.0,"{""interface_detect_distance_cutoff"": 1.05, ""nerdss_overlap_sep_limit"": 3.0}",107,1000000,4,aa1b aa1f aa2b aa2f,2,0,0,100,,0,3.7062403508254076,0,77,240000,38,38 31 6,0.928,0.2492,1.421,True,25.1,0,
cutoff1.05_limit3.0,"{""interface_detect_distance_cutoff"": 1.05, ""nerdss_overlap_sep_limit"": 3.0}",108,1000000,4,aa1b aa1f aa2b aa2f,2,0,0,100,,0,3.706240350886144,0,0,,49,49 22 4,0.957,0.2492,1.421,True,22.9,0,
cutoff1.05_limit3.0,"{""interface_detect_distance_cutoff"": 1.05, ""nerdss_overlap_sep_limit"": 3.0}",109,1000000,4,aa1b aa1f aa2b aa2f,2,0,0,100,,0,3.9050160183316573,0,0,,52,52 23,0.964,0.2492,1.421,True,21.7,0,
cutoff1.05_limit3.0,"{""interface_detect_distance_cutoff"": 1.05, ""nerdss_overlap_sep_limit"": 3.0}",110,1000000,4,aa1b aa1f aa2b aa2f,2,0,0,100,,0,3.9050160183576392,0,0,,56,56 13 4 2,0.931,0.2492,1.421,True,31.7,0,
cutoff1.0_limit0.5,"{""interface_detect_distance_cutoff"": 1.0, ""nerdss_overlap_sep_limit"": 0.5}",1,100000,4,aa1b aa1f aa2b aa2f,2,0,44,50,14000,43,0.5299998400345005,0,0,,43,43 22 4 3 2,1.0,0.2175,2.101,True,5.3,0,
cutoff1.0_limit0.5,"{""interface_detect_distance_cutoff"": 1.0, ""nerdss_overlap_sep_limit"": 0.5}",2,100000,4,aa1b aa1f aa2b aa2f,2,0,35,50,32000,38,0.5299998403886097,0,4,94000,37,37 14 13 3 3 2,0.857,0.2175,2.101,True,4.6,0,
cutoff1.0_limit0.5,"{""interface_detect_distance_cutoff"": 1.0, ""nerdss_overlap_sep_limit"": 0.5}",3,100000,4,aa1b aa1f aa2b aa2f,2,0,31,50,40000,12,0.5919634850047706,0,0,,13,13 12 11 10 8 7 6 5 2,0.935,0.2175,2.101,True,3.4,0,
cutoff1.0_limit1.0,"{""interface_detect_distance_cutoff"": 1.0, ""nerdss_overlap_sep_limit"": 1.0}",1,100000,4,aa1b aa1f aa2b aa2f,2,0,0,50,,0,3.9041980504210616,0,0,,19,19 16 14 11 7 5 2,0.867,0.2175,2.101,True,3.0,0,
cutoff1.0_limit1.0,"{""interface_detect_distance_cutoff"": 1.0, ""nerdss_overlap_sep_limit"": 1.0}",2,100000,4,aa1b aa1f aa2b aa2f,2,0,8,50,86000,29,1.4266050993660957,0,0,,29,29 17 13 6 4 3 3,0.848,0.2175,2.101,True,4.2,0,
cutoff1.0_limit1.0,"{""interface_detect_distance_cutoff"": 1.0, ""nerdss_overlap_sep_limit"": 1.0}",3,100000,4,aa1b aa1f aa2b aa2f,2,0,1,50,99999,17,1.1928554593969183,0,0,,17,17 17 12 9 7 7 4 2,0.902,0.2175,2.101,True,3.7,0,
cutoff1.0_limit1.5,"{""interface_detect_distance_cutoff"": 1.0, ""nerdss_overlap_sep_limit"": 1.5}",1,100000,4,aa1b aa1f aa2b aa2f,2,0,0,50,,0,3.9041980504210616,0,0,,19,19 16 14 11 7 5 2,0.867,0.2175,2.101,True,3.0,0,
cutoff1.0_limit1.5,"{""interface_detect_distance_cutoff"": 1.0, ""nerdss_overlap_sep_limit"": 1.5}",2,100000,4,aa1b aa1f aa2b aa2f,2,0,0,50,,0,3.904198050434893,0,0,,20,20 16 13 6 6 4 3 3 3,0.807,0.2175,2.101,True,4.2,0,
cutoff1.0_limit1.5,"{""interface_detect_distance_cutoff"": 1.0, ""nerdss_overlap_sep_limit"": 1.5}",3,100000,4,aa1b aa1f aa2b aa2f,2,0,0,50,,0,4.01208315483715,0,0,,17,17 12 11 9 7 7 6 4 2,0.888,0.2175,2.101,True,3.6,0,
cutoff1.0_limit1.5,"{""interface_detect_distance_cutoff"": 1.0, ""nerdss_overlap_sep_limit"": 1.5}",101,1000000,4,aa1b aa1f aa2b aa2f,2,0,0,100,,0,3.7185997743280885,0,95,60000,38,38 25 12,0.926,0.2175,2.101,True,29.8,0,
cutoff1.0_limit1.5,"{""interface_detect_distance_cutoff"": 1.0, ""nerdss_overlap_sep_limit"": 1.5}",102,1000000,4,aa1b aa1f aa2b aa2f,2,0,0,100,,0,4.012083154862505,0,0,,71,71 4,0.93,0.2175,2.101,True,32.4,0,
cutoff1.0_limit1.5,"{""interface_detect_distance_cutoff"": 1.0, ""nerdss_overlap_sep_limit"": 1.5}",103,1000000,4,aa1b aa1f aa2b aa2f,2,0,96,100,30000,67,1.9565764942844348,0,0,,55,55 15 4,0.919,0.2175,2.101,True,40.8,0,
cutoff1.0_limit1.5,"{""interface_detect_distance_cutoff"": 1.0, ""nerdss_overlap_sep_limit"": 1.5}",104,1000000,4,aa1b aa1f aa2b aa2f,2,0,0,100,,0,3.7185997743255883,0,83,180000,75,75,0.959,0.2175,2.101,True,31.3,0,
cutoff1.0_limit1.5,"{""interface_detect_distance_cutoff"": 1.0, ""nerdss_overlap_sep_limit"": 1.5}",105,1000000,4,aa1b aa1f aa2b aa2f,2,0,36,100,210000,55,1.9565764942744035,0,0,,46,46 21 8,0.981,0.2175,2.101,True,25.8,0,
cutoff1.0_limit1.5,"{""interface_detect_distance_cutoff"": 1.0, ""nerdss_overlap_sep_limit"": 1.5}",106,1000000,4,aa1b aa1f aa2b aa2f,2,0,59,100,420000,55,1.9565764943193056,0,37,640000,55,55 20,0.946,0.2175,2.101,True,29.8,0,
cutoff1.0_limit1.5,"{""interface_detect_distance_cutoff"": 1.0, ""nerdss_overlap_sep_limit"": 1.5}",107,1000000,4,aa1b aa1f aa2b aa2f,2,0,0,100,,0,3.9041980504869946,0,0,,41,41 33,0.957,0.2175,2.101,True,29.7,0,
cutoff1.0_limit1.5,"{""interface_detect_distance_cutoff"": 1.0, ""nerdss_overlap_sep_limit"": 1.5}",108,1000000,4,aa1b aa1f aa2b aa2f,2,0,0,100,,0,3.718599774349017,0,0,,29,29 18 11 8 7 2,0.947,0.2175,2.101,True,34.8,0,
cutoff1.0_limit1.5,"{""interface_detect_distance_cutoff"": 1.0, ""nerdss_overlap_sep_limit"": 1.5}",109,1000000,4,aa1b aa1f aa2b aa2f,2,0,0,100,,0,3.904198050427582,0,0,,55,55 20,0.944,0.2175,2.101,True,30.1,0,
cutoff1.0_limit1.5,"{""interface_detect_distance_cutoff"": 1.0, ""nerdss_overlap_sep_limit"": 1.5}",110,1000000,4,aa1b aa1f aa2b aa2f,2,0,0,100,,0,3.7185997743023838,0,0,,60,60 10 5,0.957,0.2175,2.101,True,30.6,0,
cutoff1.0_limit2.0,"{""interface_detect_distance_cutoff"": 1.0, ""nerdss_overlap_sep_limit"": 2.0}",1,100000,4,aa1b aa1f aa2b aa2f,2,0,0,50,,0,3.9041980504210616,0,0,,19,19 16 14 11 7 5 2,0.867,0.2175,2.101,True,3.8,0,
cutoff1.0_limit2.0,"{""interface_detect_distance_cutoff"": 1.0, ""nerdss_overlap_sep_limit"": 2.0}",2,100000,4,aa1b aa1f aa2b aa2f,2,0,0,50,,0,3.904198050434893,0,0,,20,20 16 13 6 6 4 3 3 3,0.807,0.2175,2.101,True,4.6,0,
cutoff1.0_limit2.0,"{""interface_detect_distance_cutoff"": 1.0, ""nerdss_overlap_sep_limit"": 2.0}",3,100000,4,aa1b aa1f aa2b aa2f,2,0,0,50,,0,4.01208315483715,0,0,,17,17 12 11 9 7 7 6 4 2,0.888,0.2175,2.101,True,4.3,0,
cutoff1.0_limit2.0,"{""interface_detect_distance_cutoff"": 1.0, ""nerdss_overlap_sep_limit"": 2.0}",101,1000000,4,aa1b aa1f aa2b aa2f,2,0,0,100,,0,3.7185997743280885,0,95,60000,38,38 25 12,0.926,0.2175,2.101,True,32.3,0,
cutoff1.0_limit2.0,"{""interface_detect_distance_cutoff"": 1.0, ""nerdss_overlap_sep_limit"": 2.0}",102,1000000,4,aa1b aa1f aa2b aa2f,2,0,0,100,,0,4.012083154862505,0,0,,71,71 4,0.93,0.2175,2.101,True,33.8,0,
cutoff1.0_limit2.0,"{""interface_detect_distance_cutoff"": 1.0, ""nerdss_overlap_sep_limit"": 2.0}",103,1000000,4,aa1b aa1f aa2b aa2f,2,0,0,100,,0,3.529327574433954,0,93,80000,38,38 33 4,0.942,0.2175,2.101,True,28.8,0,
cutoff1.0_limit2.0,"{""interface_detect_distance_cutoff"": 1.0, ""nerdss_overlap_sep_limit"": 2.0}",104,1000000,4,aa1b aa1f aa2b aa2f,2,0,0,100,,0,3.7185997743255883,0,83,180000,75,75,0.959,0.2175,2.101,True,32.0,0,
cutoff1.0_limit2.0,"{""interface_detect_distance_cutoff"": 1.0, ""nerdss_overlap_sep_limit"": 2.0}",105,1000000,4,aa1b aa1f aa2b aa2f,2,0,0,100,,0,3.062487386109922,0,0,,52,52 23,0.944,0.2175,2.101,True,27.3,0,
cutoff1.0_limit2.0,"{""interface_detect_distance_cutoff"": 1.0, ""nerdss_overlap_sep_limit"": 2.0}",106,1000000,4,aa1b aa1f aa2b aa2f,2,0,22,100,420000,54,2.2339465292877807,0,0,,35,35 20 18,0.941,0.2175,2.101,True,29.5,0,
cutoff1.0_limit2.0,"{""interface_detect_distance_cutoff"": 1.0, ""nerdss_overlap_sep_limit"": 2.0}",107,1000000,4,aa1b aa1f aa2b aa2f,2,0,0,100,,0,3.9041980504869946,0,0,,41,41 33,0.957,0.2175,2.101,True,28.3,0,
cutoff1.0_limit2.0,"{""interface_detect_distance_cutoff"": 1.0, ""nerdss_overlap_sep_limit"": 2.0}",108,1000000,4,aa1b aa1f aa2b aa2f,2,0,0,100,,0,3.718599774349017,0,0,,29,29 18 11 8 7 2,0.947,0.2175,2.101,True,31.2,0,
cutoff1.0_limit2.0,"{""interface_detect_distance_cutoff"": 1.0, ""nerdss_overlap_sep_limit"": 2.0}",109,1000000,4,aa1b aa1f aa2b aa2f,2,0,0,100,,0,3.904198050427582,0,0,,55,55 20,0.944,0.2175,2.101,True,27.3,0,
cutoff1.0_limit2.0,"{""interface_detect_distance_cutoff"": 1.0, ""nerdss_overlap_sep_limit"": 2.0}",110,1000000,4,aa1b aa1f aa2b aa2f,2,0,0,100,,0,3.7185997743023838,0,0,,60,60 10 5,0.957,0.2175,2.101,True,26.6,0,
cutoff1.0_limit2.5,"{""interface_detect_distance_cutoff"": 1.0, ""nerdss_overlap_sep_limit"": 2.5}",1,100000,4,aa1b aa1f aa2b aa2f,2,0,0,50,,0,3.9041980504210616,0,0,,19,19 16 14 11 7 5 2,0.867,0.2175,2.101,True,3.6,0,
cutoff1.0_limit2.5,"{""interface_detect_distance_cutoff"": 1.0, ""nerdss_overlap_sep_limit"": 2.5}",2,100000,4,aa1b aa1f aa2b aa2f,2,0,0,50,,0,3.904198050434893,0,0,,20,20 16 13 6 6 4 3 3 3,0.807,0.2175,2.101,True,4.6,0,
cutoff1.0_limit2.5,"{""interface_detect_distance_cutoff"": 1.0, ""nerdss_overlap_sep_limit"": 2.5}",3,100000,4,aa1b aa1f aa2b aa2f,2,0,0,50,,0,4.01208315483715,0,0,,17,17 12 11 9 7 7 6 4 2,0.888,0.2175,2.101,True,4.2,0,
cutoff1.0_limit2.5,"{""interface_detect_distance_cutoff"": 1.0, ""nerdss_overlap_sep_limit"": 2.5}",101,1000000,4,aa1b aa1f aa2b aa2f,2,0,0,100,,0,3.7185997743280885,0,95,60000,38,38 25 12,0.926,0.2175,2.101,True,28.0,0,
cutoff1.0_limit2.5,"{""interface_detect_distance_cutoff"": 1.0, ""nerdss_overlap_sep_limit"": 2.5}",102,1000000,4,aa1b aa1f aa2b aa2f,2,0,0,100,,0,4.012083154862505,0,0,,71,71 4,0.93,0.2175,2.101,True,30.9,0,
cutoff1.0_limit2.5,"{""interface_detect_distance_cutoff"": 1.0, ""nerdss_overlap_sep_limit"": 2.5}",103,1000000,4,aa1b aa1f aa2b aa2f,2,0,0,100,,0,3.529327574433954,0,93,80000,38,38 33 4,0.942,0.2175,2.101,True,24.9,0,
cutoff1.0_limit2.5,"{""interface_detect_distance_cutoff"": 1.0, ""nerdss_overlap_sep_limit"": 2.5}",104,1000000,4,aa1b aa1f aa2b aa2f,2,0,0,100,,0,3.7185997743255883,0,83,180000,75,75,0.959,0.2175,2.101,True,28.8,0,
cutoff1.0_limit2.5,"{""interface_detect_distance_cutoff"": 1.0, ""nerdss_overlap_sep_limit"": 2.5}",105,1000000,4,aa1b aa1f aa2b aa2f,2,0,0,100,,0,3.062487386109922,0,0,,53,53 16 6,0.978,0.2175,2.101,True,26.0,0,
cutoff1.0_limit2.5,"{""interface_detect_distance_cutoff"": 1.0, ""nerdss_overlap_sep_limit"": 2.5}",106,1000000,4,aa1b aa1f aa2b aa2f,2,0,0,100,,0,3.718599774329284,0,0,,42,42 29 4,0.948,0.2175,2.101,True,26.7,0,
cutoff1.0_limit2.5,"{""interface_detect_distance_cutoff"": 1.0, ""nerdss_overlap_sep_limit"": 2.5}",107,1000000,4,aa1b aa1f aa2b aa2f,2,0,0,100,,0,3.9041980504869946,0,0,,41,41 33,0.957,0.2175,2.101,True,27.0,0,
cutoff1.0_limit2.5,"{""interface_detect_distance_cutoff"": 1.0, ""nerdss_overlap_sep_limit"": 2.5}",108,1000000,4,aa1b aa1f aa2b aa2f,2,0,0,100,,0,3.718599774349017,0,0,,29,29 18 11 8 7 2,0.947,0.2175,2.101,True,29.6,0,
cutoff1.0_limit2.5,"{""interface_detect_distance_cutoff"": 1.0, ""nerdss_overlap_sep_limit"": 2.5}",109,1000000,4,aa1b aa1f aa2b aa2f,2,0,0,100,,0,3.904198050427582,0,0,,55,55 20,0.944,0.2175,2.101,True,26.3,0,
cutoff1.0_limit2.5,"{""interface_detect_distance_cutoff"": 1.0, ""nerdss_overlap_sep_limit"": 2.5}",110,1000000,4,aa1b aa1f aa2b aa2f,2,0,0,100,,0,3.7185997743023838,0,0,,60,60 10 5,0.957,0.2175,2.101,True,26.3,0,
cutoff1.0_limit3.0,"{""interface_detect_distance_cutoff"": 1.0, ""nerdss_overlap_sep_limit"": 3.0}",1,100000,4,aa1b aa1f aa2b aa2f,2,0,0,50,,0,3.9041980504210616,0,0,,19,19 16 14 11 7 5 2,0.867,0.2175,2.101,True,3.1,0,
cutoff1.0_limit3.0,"{""interface_detect_distance_cutoff"": 1.0, ""nerdss_overlap_sep_limit"": 3.0}",2,100000,4,aa1b aa1f aa2b aa2f,2,0,0,50,,0,3.904198050434893,0,0,,20,20 16 13 6 6 4 3 3 3,0.807,0.2175,2.101,True,4.5,0,
cutoff1.0_limit3.0,"{""interface_detect_distance_cutoff"": 1.0, ""nerdss_overlap_sep_limit"": 3.0}",3,100000,4,aa1b aa1f aa2b aa2f,2,0,0,50,,0,4.01208315483715,0,0,,17,17 12 11 9 7 7 6 4 2,0.888,0.2175,2.101,True,4.4,0,
cutoff1.0_limit3.0,"{""interface_detect_distance_cutoff"": 1.0, ""nerdss_overlap_sep_limit"": 3.0}",201,100000,4,aa1b aa1f aa2b aa2f,2,0,0,20,,0,3.718599774313746,0,0,,13,13 12 12 11 8 8 6 5,0.865,0.2175,2.101,True,3.2,0,
cutoff1.0_limit3.0,"{""interface_detect_distance_cutoff"": 1.0, ""nerdss_overlap_sep_limit"": 3.0}",202,100000,4,aa1b aa1f aa2b aa2f,2,0,0,20,,0,3.904198050421084,0,0,,24,24 15 15 9 7 2 2,0.889,0.2175,2.101,True,4.0,0,
cutoff1.0_limit3.0,"{""interface_detect_distance_cutoff"": 1.0, ""nerdss_overlap_sep_limit"": 3.0}",203,100000,4,aa1b aa1f aa2b aa2f,2,0,0,20,,0,3.270927194014218,0,0,,19,19 17 17 8 8 4,0.922,0.2175,2.101,True,3.2,0,
cutoff1.0_limit3.0,"{""interface_detect_distance_cutoff"": 1.0, ""nerdss_overlap_sep_limit"": 3.0}",204,100000,4,aa1b aa1f aa2b aa2f,2,0,0,20,,0,3.7185997743182355,0,0,,21,21 18 18 15 3,0.913,0.2175,2.101,True,3.0,0,
cutoff1.0_limit3.0,"{""interface_detect_distance_cutoff"": 1.0, ""nerdss_overlap_sep_limit"": 3.0}",205,100000,4,aa1b aa1f aa2b aa2f,2,0,0,20,,0,4.012083154831209,0,0,,17,17 14 13 9 7 5 3 3 2,0.925,0.2175,2.101,True,3.4,0,
cutoff1.0_limit3.0,"{""interface_detect_distance_cutoff"": 1.0, ""nerdss_overlap_sep_limit"": 3.0}",206,100000,4,aa1b aa1f aa2b aa2f,2,0,0,20,,0,3.718599774311633,0,0,,36,36 18 11 4 4,0.868,0.2175,2.101,True,3.7,0,
cutoff1.0_limit3.0,"{""interface_detect_distance_cutoff"": 1.0, ""nerdss_overlap_sep_limit"": 3.0}",207,100000,4,aa1b aa1f aa2b aa2f,2,0,0,20,,0,3.9041980504154914,0,0,,29,29 17 9 5 5 5 4,0.923,0.2175,2.101,True,3.2,0,
cutoff1.0_limit3.0,"{""interface_detect_distance_cutoff"": 1.0, ""nerdss_overlap_sep_limit"": 3.0}",208,100000,4,aa1b aa1f aa2b aa2f,2,0,0,20,,0,4.012083154838927,0,0,,38,38 21 8 3,0.876,0.2175,2.101,True,3.9,0,
cutoff1.0_limit3.0,"{""interface_detect_distance_cutoff"": 1.0, ""nerdss_overlap_sep_limit"": 3.0}",209,100000,4,aa1b aa1f aa2b aa2f,2,0,0,20,,0,3.9041980504049203,0,0,,18,18 16 15 12 8 2 2,0.917,0.2175,2.101,True,3.5,0,
cutoff1.0_limit3.0,"{""interface_detect_distance_cutoff"": 1.0, ""nerdss_overlap_sep_limit"": 3.0}",210,100000,4,aa1b aa1f aa2b aa2f,2,0,0,20,,0,4.128739448938613,0,0,,15,15 14 13 8 6 6 5 2 2 2,0.923,0.2175,2.101,True,3.2,0,
cutoff1.0_limit3.0,"{""interface_detect_distance_cutoff"": 1.0, ""nerdss_overlap_sep_limit"": 3.0}",211,100000,4,aa1b aa1f aa2b aa2f,2,0,0,20,,0,3.9041980504191476,0,0,,28,28 10 10 8 6 5 5 3,0.858,0.2175,2.101,True,3.9,0,
cutoff1.0_limit3.0,"{""interface_detect_distance_cutoff"": 1.0, ""nerdss_overlap_sep_limit"": 3.0}",212,100000,4,aa1b aa1f aa2b aa2f,2,0,0,20,,0,3.2709271939937032,0,0,,18,18 15 14 9 6 6 3 2,0.847,0.2175,2.101,True,3.4,0,
cutoff1.0_limit3.0,"{""interface_detect_distance_cutoff"": 1.0, ""nerdss_overlap_sep_limit"": 3.0}",213,100000,4,aa1b aa1f aa2b aa2f,2,0,0,20,,0,3.5293275744596384,0,19,10000,28,28 26 8 5 3 2,0.881,0.2175,2.101,True,3.9,0,
cutoff1.0_limit3.0,"{""interface_detect_distance_cutoff"": 1.0, ""nerdss_overlap_sep_limit"": 3.0}",214,100000,4,aa1b aa1f aa2b aa2f,2,0,0,20,,0,3.90419805041719,0,0,,17,17 17 11 10 6 6 6,0.938,0.2175,2.101,True,3.8,0,
cutoff1.0_limit3.0,"{""interface_detect_distance_cutoff"": 1.0, ""nerdss_overlap_sep_limit"": 3.0}",215,100000,4,aa1b aa1f aa2b aa2f,2,0,0,20,,0,3.9041980504361704,0,0,,18,18 17 12 10 9 5 2,0.892,0.2175,2.101,True,3.7,0,
cutoff1.0_limit3.0,"{""interface_detect_distance_cutoff"": 1.0, ""nerdss_overlap_sep_limit"": 3.0}",216,100000,4,aa1b aa1f aa2b aa2f,2,0,0,20,,0,4.012083154836147,0,0,,25,25 17 15 11 5 2,0.826,0.2175,2.101,True,3.6,0,
cutoff1.0_limit3.0,"{""interface_detect_distance_cutoff"": 1.0, ""nerdss_overlap_sep_limit"": 3.0}",217,100000,4,aa1b aa1f aa2b aa2f,2,0,0,20,,0,3.9041980504288194,0,0,,22,22 16 13 10 4 3 2 2,0.86,0.2175,2.101,True,3.7,0,
cutoff1.0_limit3.0,"{""interface_detect_distance_cutoff"": 1.0, ""nerdss_overlap_sep_limit"": 3.0}",218,100000,4,aa1b aa1f aa2b aa2f,2,0,0,20,,0,3.904198050414529,0,0,,15,15 14 12 11 9 6 5 2,0.909,0.2175,2.101,True,3.2,0,
cutoff1.0_limit3.0,"{""interface_detect_distance_cutoff"": 1.0, ""nerdss_overlap_sep_limit"": 3.0}",219,100000,4,aa1b aa1f aa2b aa2f,2,0,0,20,,0,4.128739448938293,0,0,,26,26 15 11 9 5 4 4,0.875,0.2175,2.101,True,3.8,0,
cutoff1.0_limit3.0,"{""interface_detect_distance_cutoff"": 1.0, ""nerdss_overlap_sep_limit"": 3.0}",220,100000,4,aa1b aa1f aa2b aa2f,2,0,0,20,,0,4.0120831548381615,0,0,,17,17 14 10 9 9 4 3 3 2 2,0.92,0.2175,2.101,True,3.3,0,
cutoff1.0_limit3.0,"{""interface_detect_distance_cutoff"": 1.0, ""nerdss_overlap_sep_limit"": 3.0}",221,100000,4,aa1b aa1f aa2b aa2f,2,0,0,20,,0,4.012083154839473,0,0,,14,14 14 13 12 8 7 5 2,0.884,0.2175,2.101,True,3.7,0,
cutoff1.0_limit3.0,"{""interface_detect_distance_cutoff"": 1.0, ""nerdss_overlap_sep_limit"": 3.0}",222,100000,4,aa1b aa1f aa2b aa2f,2,0,0,20,,0,4.012083154830735,0,0,,32,32 21 8 5 5 2,0.85,0.2175,2.101,True,4.6,0,
cutoff1.0_limit3.0,"{""interface_detect_distance_cutoff"": 1.0, ""nerdss_overlap_sep_limit"": 3.0}",223,100000,4,aa1b aa1f aa2b aa2f,2,0,0,20,,0,3.7185997743273767,0,0,,25,25 14 10 8 6 4 4 2,0.926,0.2175,2.101,True,3.6,0,
cutoff1.0_limit3.0,"{""interface_detect_distance_cutoff"": 1.0, ""nerdss_overlap_sep_limit"": 3.0}",224,100000,4,aa1b aa1f aa2b aa2f,2,0,0,20,,0,3.9041980504346365,0,0,,21,21 14 12 9 7 4 4 3,0.871,0.2175,2.101,True,3.6,0,
cutoff1.0_limit3.0,"{""interface_detect_distance_cutoff"": 1.0, ""nerdss_overlap_sep_limit"": 3.0}",225,100000,4,aa1b aa1f aa2b aa2f,2,0,0,20,,0,3.9041980504133305,0,0,,19,19 16 12 12 6 5 2,0.92,0.2175,2.101,True,3.3,0,
cutoff1.0_limit3.0,"{""interface_detect_distance_cutoff"": 1.0, ""nerdss_overlap_sep_limit"": 3.0}",226,100000,4,aa1b aa1f aa2b aa2f,2,0,0,20,,0,4.01208315482973,0,0,,17,17 9 9 8 8 7 5 4 2 2,0.883,0.2175,2.101,True,3.3,0,
cutoff1.0_limit3.0,"{""interface_detect_distance_cutoff"": 1.0, ""nerdss_overlap_sep_limit"": 3.0}",227,100000,4,aa1b aa1f aa2b aa2f,2,0,0,20,,0,3.7185997743211736,0,0,,23,23 14 9 8 6 6 4 2 2,0.939,0.2175,2.101,True,3.2,0,
cutoff1.0_limit3.0,"{""interface_detect_distance_cutoff"": 1.0, ""nerdss_overlap_sep_limit"": 3.0}",228,100000,4,aa1b aa1f aa2b aa2f,2,0,0,20,,0,4.012083154835617,0,0,,20,20 18 15 11 5 3 2,0.827,0.2175,2.101,True,4.3,0,
cutoff1.0_limit3.0,"{""interface_detect_distance_cutoff"": 1.0, ""nerdss_overlap_sep_limit"": 3.0}",229,100000,4,aa1b aa1f aa2b aa2f,2,0,0,20,,0,4.012083154837347,0,7,70000,20,20 18 16 8 7 3,0.862,0.2175,2.101,True,3.6,0,
cutoff1.0_limit3.0,"{""interface_detect_distance_cutoff"": 1.0, ""nerdss_overlap_sep_limit"": 3.0}",230,100000,4,aa1b aa1f aa2b aa2f,2,0,0,20,,0,4.012083154820456,0,0,,21,21 18 13 6 6 5 3 3,0.887,0.2175,2.101,True,3.4,0,
cutoff1.0_limit3.0,"{""interface_detect_distance_cutoff"": 1.0, ""nerdss_overlap_sep_limit"": 3.0}",231,100000,4,aa1b aa1f aa2b aa2f,2,0,0,20,,0,3.7185997743163868,0,0,,24,24 22 10 6 5 4 2,0.882,0.2175,2.101,True,3.6,0,
cutoff1.0_limit3.0,"{""interface_detect_distance_cutoff"": 1.0, ""nerdss_overlap_sep_limit"": 3.0}",232,100000,4,aa1b aa1f aa2b aa2f,2,0,0,20,,0,3.9041980504113023,0,0,,25,25 22 10 6 5 3 2 2,0.894,0.2175,2.101,True,3.7,0,
cutoff1.0_limit3.0,"{""interface_detect_distance_cutoff"": 1.0, ""nerdss_overlap_sep_limit"": 3.0}",233,100000,4,aa1b aa1f aa2b aa2f,2,0,0,20,,0,3.9041980504181635,0,12,45000,26,26 12 10 8 7 4 2,0.938,0.2175,2.101,True,4.2,0,
cutoff1.0_limit3.0,"{""interface_detect_distance_cutoff"": 1.0, ""nerdss_overlap_sep_limit"": 3.0}",234,100000,4,aa1b aa1f aa2b aa2f,2,0,0,20,,0,3.9041980500016757,0,0,,26,26 21 10 9 4 3,0.868,0.2175,2.101,True,3.7,0,
cutoff1.0_limit3.0,"{""interface_detect_distance_cutoff"": 1.0, ""nerdss_overlap_sep_limit"": 3.0}",235,100000,4,aa1b aa1f aa2b aa2f,2,0,0,20,,0,3.5293275744355714,0,1,99999,23,23 21 14 8 3 3 3,0.901,0.2175,2.101,True,3.5,0,
cutoff1.0_limit3.0,"{""interface_detect_distance_cutoff"": 1.0, ""nerdss_overlap_sep_limit"": 3.0}",236,100000,4,aa1b aa1f aa2b aa2f,2,0,0,20,,0,3.9041980504099287,0,20,5000,23,23 10 9 9 7 5 5 2 2,0.877,0.2175,2.101,True,3.5,0,
cutoff1.0_limit3.0,"{""interface_detect_distance_cutoff"": 1.0, ""nerdss_overlap_sep_limit"": 3.0}",237,100000,4,aa1b aa1f aa2b aa2f,2,0,0,20,,0,4.012083154841333,0,0,,45,45 17 12,0.887,0.2175,2.101,True,3.8,0,
cutoff1.0_limit3.0,"{""interface_detect_distance_cutoff"": 1.0, ""nerdss_overlap_sep_limit"": 3.0}",238,100000,4,aa1b aa1f aa2b aa2f,2,0,0,20,,0,4.0120831548380655,0,0,,23,23 12 11 9 6 4 3 3 2,0.853,0.2175,2.101,True,3.7,0,
cutoff1.0_limit3.0,"{""interface_detect_distance_cutoff"": 1.0, ""nerdss_overlap_sep_limit"": 3.0}",239,100000,4,aa1b aa1f aa2b aa2f,2,0,0,20,,0,4.0120831548314655,0,0,,13,13 11 10 10 9 9 8 4,0.878,0.2175,2.101,True,3.5,0,
cutoff1.0_limit3.0,"{""interface_detect_distance_cutoff"": 1.0, ""nerdss_overlap_sep_limit"": 3.0}",240,100000,4,aa1b aa1f aa2b aa2f,2,0,0,20,,0,3.7185997743174135,0,0,,55,55 9 6,0.84,0.2175,2.101,True,3.7,0,
cutoff1.0_limit3.0,"{""interface_detect_distance_cutoff"": 1.0, ""nerdss_overlap_sep_limit"": 3.0}",11,1000000,4,aa1b aa1f aa2b aa2f,2,0,0,100,,0,3.529327574502929,0,0,,43,43 19 8 5,0.928,0.2175,2.101,True,18.9,0,
cutoff1.0_limit3.0,"{""interface_detect_distance_cutoff"": 1.0, ""nerdss_overlap_sep_limit"": 3.0}",101,1000000,4,aa1b aa1f aa2b aa2f,2,0,0,100,,0,3.7185997743280885,0,95,60000,38,38 25 12,0.926,0.2175,2.101,True,26.0,0,
cutoff1.0_limit3.0,"{""interface_detect_distance_cutoff"": 1.0, ""nerdss_overlap_sep_limit"": 3.0}",102,1000000,4,aa1b aa1f aa2b aa2f,2,0,0,100,,0,4.012083154862505,0,0,,71,71 4,0.93,0.2175,2.101,True,28.7,0,
cutoff1.0_limit3.0,"{""interface_detect_distance_cutoff"": 1.0, ""nerdss_overlap_sep_limit"": 3.0}",103,1000000,4,aa1b aa1f aa2b aa2f,2,0,0,100,,0,3.529327574433954,0,93,80000,38,38 33 4,0.942,0.2175,2.101,True,23.3,0,
cutoff1.0_limit3.0,"{""interface_detect_distance_cutoff"": 1.0, ""nerdss_overlap_sep_limit"": 3.0}",104,1000000,4,aa1b aa1f aa2b aa2f,2,0,0,100,,0,3.7185997743255883,0,83,180000,75,75,0.959,0.2175,2.101,True,26.4,0,
cutoff1.0_limit3.0,"{""interface_detect_distance_cutoff"": 1.0, ""nerdss_overlap_sep_limit"": 3.0}",105,1000000,4,aa1b aa1f aa2b aa2f,2,0,0,100,,0,3.062487386109922,0,0,,53,53 16 6,0.978,0.2175,2.101,True,23.4,0,
cutoff1.0_limit3.0,"{""interface_detect_distance_cutoff"": 1.0, ""nerdss_overlap_sep_limit"": 3.0}",106,1000000,4,aa1b aa1f aa2b aa2f,2,0,0,100,,0,3.718599774329284,0,0,,42,42 29 4,0.948,0.2175,2.101,True,24.7,0,
cutoff1.0_limit3.0,"{""interface_detect_distance_cutoff"": 1.0, ""nerdss_overlap_sep_limit"": 3.0}",107,1000000,4,aa1b aa1f aa2b aa2f,2,0,0,100,,0,3.9041980504869946,0,0,,41,41 33,0.957,0.2175,2.101,True,24.6,0,
cutoff1.0_limit3.0,"{""interface_detect_distance_cutoff"": 1.0, ""nerdss_overlap_sep_limit"": 3.0}",108,1000000,4,aa1b aa1f aa2b aa2f,2,0,0,100,,0,3.718599774349017,0,0,,29,29 18 11 8 7 2,0.947,0.2175,2.101,True,28.6,0,
cutoff1.0_limit3.0,"{""interface_detect_distance_cutoff"": 1.0, ""nerdss_overlap_sep_limit"": 3.0}",109,1000000,4,aa1b aa1f aa2b aa2f,2,0,0,100,,0,3.904198050427582,0,0,,55,55 20,0.944,0.2175,2.101,True,24.3,0,
cutoff1.0_limit3.0,"{""interface_detect_distance_cutoff"": 1.0, ""nerdss_overlap_sep_limit"": 3.0}",110,1000000,4,aa1b aa1f aa2b aa2f,2,0,0,100,,0,3.7185997743023838,0,0,,60,60 10 5,0.957,0.2175,2.101,True,24.9,0,
cutoff1.0_limit3.0_dt0.04241069431956615,"{""interface_detect_distance_cutoff"": 1.0, ""nerdss_overlap_sep_limit"": 3.0, ""nerdss_time_step"": 0.04241069431956615}",201,1000000,4,aa1b aa1f aa2b aa2f,2,0,0,20,,0,3.9041980504234393,0,0,,19,19 11 10 10 10 9 2 2,0.9,0.2175,2.101,True,20.7,0,
cutoff1.0_limit3.0_dt0.04241069431956615,"{""interface_detect_distance_cutoff"": 1.0, ""nerdss_overlap_sep_limit"": 3.0, ""nerdss_time_step"": 0.04241069431956615}",202,1000000,4,aa1b aa1f aa2b aa2f,2,0,0,20,,0,4.0120831548909015,0,0,,33,33 16 12 6 3 2 2,0.894,0.2175,2.101,True,20.0,0,
cutoff1.0_limit3.0_dt0.04241069431956615,"{""interface_detect_distance_cutoff"": 1.0, ""nerdss_overlap_sep_limit"": 3.0, ""nerdss_time_step"": 0.04241069431956615}",203,1000000,4,aa1b aa1f aa2b aa2f,2,0,0,20,,0,3.904198050447284,0,0,,22,22 19 18 3 3 3 3,0.876,0.2175,2.101,True,20.1,0,
cutoff1.0_limit3.0_dt0.04241069431956615,"{""interface_detect_distance_cutoff"": 1.0, ""nerdss_overlap_sep_limit"": 3.0, ""nerdss_time_step"": 0.04241069431956615}",204,1000000,4,aa1b aa1f aa2b aa2f,2,0,0,20,,0,3.52932757449581,0,0,,20,20 13 11 7 7 6 5 3 3,0.91,0.2175,2.101,True,20.0,0,
cutoff1.0_limit3.0_dt0.04241069431956615,"{""interface_detect_distance_cutoff"": 1.0, ""nerdss_overlap_sep_limit"": 3.0, ""nerdss_time_step"": 0.04241069431956615}",205,1000000,4,aa1b aa1f aa2b aa2f,2,0,0,20,,0,3.9041980504874596,0,0,,25,25 21 11 9 5 2 2,0.826,0.2175,2.101,True,22.5,0,
cutoff1.0_limit3.0_dt0.04241069431956615,"{""interface_detect_distance_cutoff"": 1.0, ""nerdss_overlap_sep_limit"": 3.0, ""nerdss_time_step"": 0.04241069431956615}",206,1000000,4,aa1b aa1f aa2b aa2f,2,0,0,20,,0,3.529327574468914,0,0,,15,15 10 10 10 8 7 6 4 3,0.916,0.2175,2.101,True,19.0,0,
cutoff1.0_limit3.0_dt0.04241069431956615,"{""interface_detect_distance_cutoff"": 1.0, ""nerdss_overlap_sep_limit"": 3.0, ""nerdss_time_step"": 0.04241069431956615}",207,1000000,4,aa1b aa1f aa2b aa2f,2,0,0,20,,0,4.0120831548438325,0,0,,25,25 16 9 5 4 3 3 3 2 2,0.919,0.2175,2.101,True,21.6,0,
cutoff1.0_limit3.0_dt0.04241069431956615,"{""interface_detect_distance_cutoff"": 1.0, ""nerdss_overlap_sep_limit"": 3.0, ""nerdss_time_step"": 0.04241069431956615}",208,1000000,4,aa1b aa1f aa2b aa2f,2,0,0,20,,0,4.012083154846155,0,0,,19,19 13 13 10 9 4 3 2,0.882,0.2175,2.101,True,21.0,0,
cutoff1.0_limit3.0_dt0.04241069431956615,"{""interface_detect_distance_cutoff"": 1.0, ""nerdss_overlap_sep_limit"": 3.0, ""nerdss_time_step"": 0.04241069431956615}",209,1000000,4,aa1b aa1f aa2b aa2f,2,0,0,20,,0,3.9041980504263867,0,0,,21,21 16 8 8 7 5 4 2,0.86,0.2175,2.101,True,21.6,0,
cutoff1.0_limit3.0_dt0.04241069431956615,"{""interface_detect_distance_cutoff"": 1.0, ""nerdss_overlap_sep_limit"": 3.0, ""nerdss_time_step"": 0.04241069431956615}",210,1000000,4,aa1b aa1f aa2b aa2f,2,0,0,20,,0,3.5293275745151127,0,0,,19,19 13 12 8 8 6 5 2,0.9,0.2175,2.101,True,19.5,0,
cutoff1.0_limit3.0_dt0.04241069431956615,"{""interface_detect_distance_cutoff"": 1.0, ""nerdss_overlap_sep_limit"": 3.0, ""nerdss_time_step"": 0.04241069431956615}",211,1000000,4,aa1b aa1f aa2b aa2f,2,0,0,20,,0,3.7185997744002717,0,0,,17,17 14 14 9 9 6 4,0.876,0.2175,2.101,True,21.6,0,
cutoff1.0_limit3.0_dt0.04241069431956615,"{""interface_detect_distance_cutoff"": 1.0, ""nerdss_overlap_sep_limit"": 3.0, ""nerdss_time_step"": 0.04241069431956615}",212,1000000,4,aa1b aa1f aa2b aa2f,2,0,0,20,,0,3.7185997744405626,0,0,,14,14 12 8 8 8 7 5 4 4 3,0.939,0.2175,2.101,True,20.0,0,
cutoff1.0_limit3.0_dt0.04241069431956615,"{""interface_detect_distance_cutoff"": 1.0, ""nerdss_overlap_sep_limit"": 3.0, ""nerdss_time_step"": 0.04241069431956615}",213,1000000,4,aa1b aa1f aa2b aa2f,2,0,0,20,,0,4.012083154841065,0,0,,22,22 11 9 9 8 7 5 4,0.867,0.2175,2.101,True,21.5,0,
cutoff1.0_limit3.0_dt0.04241069431956615,"{""interface_detect_distance_cutoff"": 1.0, ""nerdss_overlap_sep_limit"": 3.0, ""nerdss_time_step"": 0.04241069431956615}",214,1000000,4,aa1b aa1f aa2b aa2f,2,0,0,20,,0,3.7185997743324566,0,0,,22,22 11 11 10 7 5 4 3 2,0.852,0.2175,2.101,True,20.3,0,
cutoff1.0_limit3.0_dt0.04241069431956615,"{""interface_detect_distance_cutoff"": 1.0, ""nerdss_overlap_sep_limit"": 3.0, ""nerdss_time_step"": 0.04241069431956615}",215,1000000,4,aa1b aa1f aa2b aa2f,2,0,0,20,,0,3.9041980504280045,0,0,,17,17 17 11 10 6 6 4 2,0.865,0.2175,2.101,True,23.1,0,
cutoff1.0_limit3.0_dt0.04241069431956615,"{""interface_detect_distance_cutoff"": 1.0, ""nerdss_overlap_sep_limit"": 3.0, ""nerdss_time_step"": 0.04241069431956615}",216,1000000,4,aa1b aa1f aa2b aa2f,2,0,0,20,,0,3.7185997743572976,0,0,,21,21 18 10 7 6 6 3 2,0.885,0.2175,2.101,True,21.9,0,
cutoff1.0_limit3.0_dt0.04241069431956615,"{""interface_detect_distance_cutoff"": 1.0, ""nerdss_overlap_sep_limit"": 3.0, ""nerdss_time_step"": 0.04241069431956615}",217,1000000,4,aa1b aa1f aa2b aa2f,2,0,0,20,,0,4.012083154850102,0,0,,34,34 16 8 6 5 5,0.929,0.2175,2.101,True,21.2,0,
cutoff1.0_limit3.0_dt0.04241069431956615,"{""interface_detect_distance_cutoff"": 1.0, ""nerdss_overlap_sep_limit"": 3.0, ""nerdss_time_step"": 0.04241069431956615}",218,1000000,4,aa1b aa1f aa2b aa2f,2,0,0,20,,0,3.7185997744084003,0,0,,34,34 11 8 8 6 4 2,0.858,0.2175,2.101,True,24.5,0,
cutoff1.0_limit3.0_dt0.04241069431956615,"{""interface_detect_distance_cutoff"": 1.0, ""nerdss_overlap_sep_limit"": 3.0, ""nerdss_time_step"": 0.04241069431956615}",219,1000000,4,aa1b aa1f aa2b aa2f,2,0,0,20,,0,3.2709271940027245,0,0,,21,21 18 15 9 7 2 2,0.847,0.2175,2.101,True,22.5,0,
cutoff1.0_limit3.0_dt0.04241069431956615,"{""interface_detect_distance_cutoff"": 1.0, ""nerdss_overlap_sep_limit"": 3.0, ""nerdss_time_step"": 0.04241069431956615}",220,1000000,4,aa1b aa1f aa2b aa2f,2,0,0,20,,0,3.9041980504854954,0,0,,14,14 12 10 10 9 7 4 3 3,0.84,0.2175,2.101,True,21.4,0,
cutoff1.0_limit3.0_dt0.04241069431956615,"{""interface_detect_distance_cutoff"": 1.0, ""nerdss_overlap_sep_limit"": 3.0, ""nerdss_time_step"": 0.04241069431956615}",221,1000000,4,aa1b aa1f aa2b aa2f,2,0,0,20,,0,3.904198050418035,0,0,,10,10 10 10 10 8 8 7 5 2,0.87,0.2175,2.101,True,20.3,0,
cutoff1.0_limit3.0_dt0.04241069431956615,"{""interface_detect_distance_cutoff"": 1.0, ""nerdss_overlap_sep_limit"": 3.0, ""nerdss_time_step"": 0.04241069431956615}",222,1000000,4,aa1b aa1f aa2b aa2f,2,0,0,20,,0,3.7185997743835033,0,0,,16,16 14 14 13 11 5,0.906,0.2175,2.101,True,20.2,0,
cutoff1.0_limit3.0_dt0.04241069431956615,"{""interface_detect_distance_cutoff"": 1.0, ""nerdss_overlap_sep_limit"": 3.0, ""nerdss_time_step"": 0.04241069431956615}",223,1000000,4,aa1b aa1f aa2b aa2f,2,0,0,20,,0,3.9041980504760465,0,0,,16,16 14 12 11 11 4 3,0.871,0.2175,2.101,True,24.1,0,
cutoff1.0_limit3.0_dt0.04241069431956615,"{""interface_detect_distance_cutoff"": 1.0, ""nerdss_overlap_sep_limit"": 3.0, ""nerdss_time_step"": 0.04241069431956615}",224,1000000,4,aa1b aa1f aa2b aa2f,2,0,0,20,,0,3.7185997743199737,0,0,,28,28 10 9 6 5 4 4 4 2,0.882,0.2175,2.101,True,20.1,0,
cutoff1.0_limit3.0_dt0.04241069431956615,"{""interface_detect_distance_cutoff"": 1.0, ""nerdss_overlap_sep_limit"": 3.0, ""nerdss_time_step"": 0.04241069431956615}",225,1000000,4,aa1b aa1f aa2b aa2f,2,0,0,20,,0,4.012083154843735,0,0,,17,17 17 13 7 7 6 4 2,0.861,0.2175,2.101,True,22.5,0,
cutoff1.0_limit3.0_dt0.04241069431956615,"{""interface_detect_distance_cutoff"": 1.0, ""nerdss_overlap_sep_limit"": 3.0, ""nerdss_time_step"": 0.04241069431956615}",226,1000000,4,aa1b aa1f aa2b aa2f,2,0,0,20,,0,3.9041980504838607,0,0,,25,25 20 14 7 4 4,0.852,0.2175,2.101,True,23.4,0,
cutoff1.0_limit3.0_dt0.04241069431956615,"{""interface_detect_distance_cutoff"": 1.0, ""nerdss_overlap_sep_limit"": 3.0, ""nerdss_time_step"": 0.04241069431956615}",227,1000000,4,aa1b aa1f aa2b aa2f,2,0,0,20,,0,3.9041980504393705,0,0,,21,21 20 10 7 6 5 3,0.957,0.2175,2.101,True,22.0,0,
cutoff1.0_limit3.0_dt0.04241069431956615,"{""interface_detect_distance_cutoff"": 1.0, ""nerdss_overlap_sep_limit"": 3.0, ""nerdss_time_step"": 0.04241069431956615}",228,1000000,4,aa1b aa1f aa2b aa2f,2,0,0,20,,0,4.012083154862973,0,0,,28,28 18 12 7 3 3 2,0.853,0.2175,2.101,True,22.4,0,
cutoff1.0_limit3.0_dt0.04241069431956615,"{""interface_detect_distance_cutoff"": 1.0, ""nerdss_overlap_sep_limit"": 3.0, ""nerdss_time_step"": 0.04241069431956615}",229,1000000,4,aa1b aa1f aa2b aa2f,2,0,0,20,,0,4.012083154852672,0,0,,23,23 15 14 9 4 4 4 2,0.922,0.2175,2.101,True,19.7,0,
cutoff1.0_limit3.0_dt0.04241069431956615,"{""interface_detect_distance_cutoff"": 1.0, ""nerdss_overlap_sep_limit"": 3.0, ""nerdss_time_step"": 0.04241069431956615}",230,1000000,4,aa1b aa1f aa2b aa2f,2,0,0,20,,0,3.90419805047248,0,0,,18,18 12 9 8 7 7 4 4 4,0.933,0.2175,2.101,True,21.9,0,
cutoff1.0_limit3.0_dt0.04241069431956615,"{""interface_detect_distance_cutoff"": 1.0, ""nerdss_overlap_sep_limit"": 3.0, ""nerdss_time_step"": 0.04241069431956615}",231,1000000,4,aa1b aa1f aa2b aa2f,2,0,0,20,,0,4.012083154862935,0,0,,26,26 13 9 7 5 5 4 2,0.856,0.2175,2.101,True,23.4,0,
cutoff1.0_limit3.0_dt0.04241069431956615,"{""interface_detect_distance_cutoff"": 1.0, ""nerdss_overlap_sep_limit"": 3.0, ""nerdss_time_step"": 0.04241069431956615}",232,1000000,4,aa1b aa1f aa2b aa2f,2,0,0,20,,0,4.012083154858883,0,0,,18,18 14 11 11 7 5 3 3,0.858,0.2175,2.101,True,22.7,0,
cutoff1.0_limit3.0_dt0.04241069431956615,"{""interface_detect_distance_cutoff"": 1.0, ""nerdss_overlap_sep_limit"": 3.0, ""nerdss_time_step"": 0.04241069431956615}",233,1000000,4,aa1b aa1f aa2b aa2f,2,0,0,20,,0,3.904198050433011,0,0,,16,16 13 10 9 8 6 6 3 2,0.88,0.2175,2.101,True,22.5,0,
cutoff1.0_limit3.0_dt0.04241069431956615,"{""interface_detect_distance_cutoff"": 1.0, ""nerdss_overlap_sep_limit"": 3.0, ""nerdss_time_step"": 0.04241069431956615}",234,1000000,4,aa1b aa1f aa2b aa2f,2,0,0,20,,0,3.90419805042849,0,0,,16,16 14 10 8 7 6 3 3 2 2,0.923,0.2175,2.101,True,20.5,0,
cutoff1.0_limit3.0_dt0.04241069431956615,"{""interface_detect_distance_cutoff"": 1.0, ""nerdss_overlap_sep_limit"": 3.0, ""nerdss_time_step"": 0.04241069431956615}",235,1000000,4,aa1b aa1f aa2b aa2f,2,0,0,20,,0,4.012083154860379,0,0,,20,20 17 13 7 6 5 3 2,0.935,0.2175,2.101,True,21.1,0,
cutoff1.0_limit3.0_dt0.04241069431956615,"{""interface_detect_distance_cutoff"": 1.0, ""nerdss_overlap_sep_limit"": 3.0, ""nerdss_time_step"": 0.04241069431956615}",236,1000000,4,aa1b aa1f aa2b aa2f,2,0,0,20,,0,3.9041980504600424,0,0,,17,17 13 9 9 9 6 5 5,0.86,0.2175,2.101,True,20.7,0,
cutoff1.0_limit3.0_dt0.04241069431956615,"{""interface_detect_distance_cutoff"": 1.0, ""nerdss_overlap_sep_limit"": 3.0, ""nerdss_time_step"": 0.04241069431956615}",237,1000000,4,aa1b aa1f aa2b aa2f,2,0,0,20,,0,4.012083154861768,0,0,,24,24 15 11 11 9 5,0.84,0.2175,2.101,True,19.6,0,
cutoff1.0_limit3.0_dt0.04241069431956615,"{""interface_detect_distance_cutoff"": 1.0, ""nerdss_overlap_sep_limit"": 3.0, ""nerdss_time_step"": 0.04241069431956615}",238,1000000,4,aa1b aa1f aa2b aa2f,2,0,0,20,,0,4.0120831548469695,0,0,,30,30 24 14 3 2 2,0.792,0.2175,2.101,True,18.8,0,
cutoff1.0_limit3.0_dt0.04241069431956615,"{""interface_detect_distance_cutoff"": 1.0, ""nerdss_overlap_sep_limit"": 3.0, ""nerdss_time_step"": 0.04241069431956615}",239,1000000,4,aa1b aa1f aa2b aa2f,2,0,0,20,,0,3.718599774346565,0,15,300000,24,24 18 10 8 7 4 2,0.902,0.2175,2.101,True,18.4,0,
cutoff1.0_limit3.0_dt0.04241069431956615,"{""interface_detect_distance_cutoff"": 1.0, ""nerdss_overlap_sep_limit"": 3.0, ""nerdss_time_step"": 0.04241069431956615}",240,1000000,4,aa1b aa1f aa2b aa2f,2,0,0,20,,0,4.012083154877836,0,0,,13,13 10 10 8 8 7 6 6 5 2,0.86,0.2175,2.101,True,14.4,0,
cutoff1.0_limit3.0_dt0.10602673579891538,"{""interface_detect_distance_cutoff"": 1.0, ""nerdss_overlap_sep_limit"": 3.0, ""nerdss_time_step"": 0.10602673579891538}",201,400000,4,aa1b aa1f aa2b aa2f,2,0,0,20,,0,3.904198050427723,0,0,,17,17 16 11 10 9 6 4,0.9,0.2175,2.101,True,8.7,0,
cutoff1.0_limit3.0_dt0.10602673579891538,"{""interface_detect_distance_cutoff"": 1.0, ""nerdss_overlap_sep_limit"": 3.0, ""nerdss_time_step"": 0.10602673579891538}",202,400000,4,aa1b aa1f aa2b aa2f,2,0,0,20,,0,3.2709271940177462,0,0,,19,19 15 10 9 8 7 5,0.923,0.2175,2.101,True,9.5,0,
cutoff1.0_limit3.0_dt0.10602673579891538,"{""interface_detect_distance_cutoff"": 1.0, ""nerdss_overlap_sep_limit"": 3.0, ""nerdss_time_step"": 0.10602673579891538}",203,400000,4,aa1b aa1f aa2b aa2f,2,0,0,20,,0,3.9041980504547364,0,0,,18,18 14 13 9 8 5 4 3,0.879,0.2175,2.101,True,10.2,0,
cutoff1.0_limit3.0_dt0.10602673579891538,"{""interface_detect_distance_cutoff"": 1.0, ""nerdss_overlap_sep_limit"": 3.0, ""nerdss_time_step"": 0.10602673579891538}",204,400000,4,aa1b aa1f aa2b aa2f,2,0,0,20,,0,4.012083154841058,0,0,,24,24 14 11 8 6 6 3 2,0.901,0.2175,2.101,True,9.2,0,
cutoff1.0_limit3.0_dt0.10602673579891538,"{""interface_detect_distance_cutoff"": 1.0, ""nerdss_overlap_sep_limit"": 3.0, ""nerdss_time_step"": 0.10602673579891538}",205,400000,4,aa1b aa1f aa2b aa2f,2,0,0,20,,0,4.012083154833922,0,0,,21,21 14 11 10 6 6 5,0.917,0.2175,2.101,True,9.2,0,
cutoff1.0_limit3.0_dt0.10602673579891538,"{""interface_detect_distance_cutoff"": 1.0, ""nerdss_overlap_sep_limit"": 3.0, ""nerdss_time_step"": 0.10602673579891538}",206,400000,4,aa1b aa1f aa2b aa2f,2,0,0,20,,0,4.012083154841643,0,0,,15,15 12 12 10 9 7 6 3,0.901,0.2175,2.101,True,8.7,0,
cutoff1.0_limit3.0_dt0.10602673579891538,"{""interface_detect_distance_cutoff"": 1.0, ""nerdss_overlap_sep_limit"": 3.0, ""nerdss_time_step"": 0.10602673579891538}",207,400000,4,aa1b aa1f aa2b aa2f,2,0,0,20,,0,4.012083154838227,0,0,,13,13 12 12 11 9 9 4 2 2,0.925,0.2175,2.101,True,9.3,0,
cutoff1.0_limit3.0_dt0.10602673579891538,"{""interface_detect_distance_cutoff"": 1.0, ""nerdss_overlap_sep_limit"": 3.0, ""nerdss_time_step"": 0.10602673579891538}",208,400000,4,aa1b aa1f aa2b aa2f,2,0,0,20,,0,4.012083154838467,0,0,,23,23 21 8 7 4 4 3 3 2,0.875,0.2175,2.101,True,10.0,0,
cutoff1.0_limit3.0_dt0.10602673579891538,"{""interface_detect_distance_cutoff"": 1.0, ""nerdss_overlap_sep_limit"": 3.0, ""nerdss_time_step"": 0.10602673579891538}",209,400000,4,aa1b aa1f aa2b aa2f,2,0,0,20,,0,4.0120831548455165,0,0,,15,15 10 9 7 7 6 5 5 4 4,0.904,0.2175,2.101,True,8.7,0,
cutoff1.0_limit3.0_dt0.10602673579891538,"{""interface_detect_distance_cutoff"": 1.0, ""nerdss_overlap_sep_limit"": 3.0, ""nerdss_time_step"": 0.10602673579891538}",210,400000,4,aa1b aa1f aa2b aa2f,2,0,0,20,,0,3.9041980504206997,0,15,120000,20,20 13 13 10 7 7 3,0.877,0.2175,2.101,True,8.9,0,
cutoff1.0_limit3.0_dt0.10602673579891538,"{""interface_detect_distance_cutoff"": 1.0, ""nerdss_overlap_sep_limit"": 3.0, ""nerdss_time_step"": 0.10602673579891538}",211,400000,4,aa1b aa1f aa2b aa2f,2,0,0,20,,0,3.718599774329212,0,0,,28,28 21 15 5 5,0.872,0.2175,2.101,True,9.9,0,
cutoff1.0_limit3.0_dt0.10602673579891538,"{""interface_detect_distance_cutoff"": 1.0, ""nerdss_overlap_sep_limit"": 3.0, ""nerdss_time_step"": 0.10602673579891538}",212,400000,4,aa1b aa1f aa2b aa2f,2,0,0,20,,0,4.128739448943146,0,0,,14,14 13 12 8 6 6 6 4 3,0.788,0.2175,2.101,True,10.5,0,
cutoff1.0_limit3.0_dt0.10602673579891538,"{""interface_detect_distance_cutoff"": 1.0, ""nerdss_overlap_sep_limit"": 3.0, ""nerdss_time_step"": 0.10602673579891538}",213,400000,4,aa1b aa1f aa2b aa2f,2,0,0,20,,0,4.012083154841982,0,0,,20,20 14 12 8 8 4 2 2 2 2,0.935,0.2175,2.101,True,8.9,0,
cutoff1.0_limit3.0_dt0.10602673579891538,"{""interface_detect_distance_cutoff"": 1.0, ""nerdss_overlap_sep_limit"": 3.0, ""nerdss_time_step"": 0.10602673579891538}",214,400000,4,aa1b aa1f aa2b aa2f,2,0,0,20,,0,4.01208315483457,0,0,,15,15 11 11 9 7 6 3 3 3 2,0.889,0.2175,2.101,True,9.4,0,
cutoff1.0_limit3.0_dt0.10602673579891538,"{""interface_detect_distance_cutoff"": 1.0, ""nerdss_overlap_sep_limit"": 3.0, ""nerdss_time_step"": 0.10602673579891538}",215,400000,4,aa1b aa1f aa2b aa2f,2,0,0,20,,0,4.012083154839889,0,0,,18,18 16 15 10 9 5 2,0.905,0.2175,2.101,True,9.3,0,
cutoff1.0_limit3.0_dt0.10602673579891538,"{""interface_detect_distance_cutoff"": 1.0, ""nerdss_overlap_sep_limit"": 3.0, ""nerdss_time_step"": 0.10602673579891538}",216,400000,4,aa1b aa1f aa2b aa2f,2,0,0,20,,0,3.9041980504292937,0,0,,46,46 14 12 2,0.862,0.2175,2.101,True,10.9,0,
cutoff1.0_limit3.0_dt0.10602673579891538,"{""interface_detect_distance_cutoff"": 1.0, ""nerdss_overlap_sep_limit"": 3.0, ""nerdss_time_step"": 0.10602673579891538}",217,400000,4,aa1b aa1f aa2b aa2f,2,0,0,20,,0,3.718599774346759,0,0,,22,22 17 11 9 6 5 4,0.874,0.2175,2.101,True,9.7,0,
cutoff1.0_limit3.0_dt0.10602673579891538,"{""interface_detect_distance_cutoff"": 1.0, ""nerdss_overlap_sep_limit"": 3.0, ""nerdss_time_step"": 0.10602673579891538}",218,400000,4,aa1b aa1f aa2b aa2f,2,0,0,20,,0,4.012083154830694,0,0,,26,26 19 11 6 5 5 2,0.91,0.2175,2.101,True,9.6,0,
cutoff1.0_limit3.0_dt0.10602673579891538,"{""interface_detect_distance_cutoff"": 1.0, ""nerdss_overlap_sep_limit"": 3.0, ""nerdss_time_step"": 0.10602673579891538}",219,400000,4,aa1b aa1f aa2b aa2f,2,0,0,20,,0,3.9041980503998888,0,0,,25,25 22 10 9 7,0.926,0.2175,2.101,True,9.3,0,
cutoff1.0_limit3.0_dt0.10602673579891538,"{""interface_detect_distance_cutoff"": 1.0, ""nerdss_overlap_sep_limit"": 3.0, ""nerdss_time_step"": 0.10602673579891538}",220,400000,4,aa1b aa1f aa2b aa2f,2,0,0,20,,0,3.904198050461074,0,0,,22,22 15 12 10 5 5 4 2,0.897,0.2175,2.101,True,9.9,0,
cutoff1.0_limit3.0_dt0.10602673579891538,"{""interface_detect_distance_cutoff"": 1.0, ""nerdss_overlap_sep_limit"": 3.0, ""nerdss_time_step"": 0.10602673579891538}",221,400000,4,aa1b aa1f aa2b aa2f,2,0,0,20,,0,3.904198050435897,0,0,,13,13 11 10 9 9 6 5 5 4 2,0.873,0.2175,2.101,True,9.2,0,
cutoff1.0_limit3.0_dt0.10602673579891538,"{""interface_detect_distance_cutoff"": 1.0, ""nerdss_overlap_sep_limit"": 3.0, ""nerdss_time_step"": 0.10602673579891538}",222,400000,4,aa1b aa1f aa2b aa2f,2,0,0,20,,0,4.0120831548371525,0,0,,15,15 14 13 11 8 4 4 2,0.896,0.2175,2.101,True,9.3,0,
cutoff1.0_limit3.0_dt0.10602673579891538,"{""interface_detect_distance_cutoff"": 1.0, ""nerdss_overlap_sep_limit"": 3.0, ""nerdss_time_step"": 0.10602673579891538}",223,400000,4,aa1b aa1f aa2b aa2f,2,0,0,20,,0,3.529327574454947,0,0,,19,19 16 8 7 5 5 4 4 3 2,0.862,0.2175,2.101,True,9.4,0,
cutoff1.0_limit3.0_dt0.10602673579891538,"{""interface_detect_distance_cutoff"": 1.0, ""nerdss_overlap_sep_limit"": 3.0, ""nerdss_time_step"": 0.10602673579891538}",224,400000,4,aa1b aa1f aa2b aa2f,2,0,0,20,,0,4.012083154814454,0,0,,16,16 15 13 9 7 6 3 3 2,0.93,0.2175,2.101,True,9.0,0,
cutoff1.0_limit3.0_dt0.10602673579891538,"{""interface_detect_distance_cutoff"": 1.0, ""nerdss_overlap_sep_limit"": 3.0, ""nerdss_time_step"": 0.10602673579891538}",225,400000,4,aa1b aa1f aa2b aa2f,2,0,0,20,,0,3.7185997743485864,0,0,,28,28 16 14 11 5,0.87,0.2175,2.101,True,10.3,0,
cutoff1.0_limit3.0_dt0.10602673579891538,"{""interface_detect_distance_cutoff"": 1.0, ""nerdss_overlap_sep_limit"": 3.0, ""nerdss_time_step"": 0.10602673579891538}",226,400000,4,aa1b aa1f aa2b aa2f,2,0,0,20,,0,4.012083154826029,0,0,,20,20 17 12 11 6 3 2,0.926,0.2175,2.101,True,9.2,0,
cutoff1.0_limit3.0_dt0.10602673579891538,"{""interface_detect_distance_cutoff"": 1.0, ""nerdss_overlap_sep_limit"": 3.0, ""nerdss_time_step"": 0.10602673579891538}",227,400000,4,aa1b aa1f aa2b aa2f,2,0,0,20,,0,4.012083154843857,0,0,,16,16 13 12 11 6 5 4 3 3,0.822,0.2175,2.101,True,9.8,0,
cutoff1.0_limit3.0_dt0.10602673579891538,"{""interface_detect_distance_cutoff"": 1.0, ""nerdss_overlap_sep_limit"": 3.0, ""nerdss_time_step"": 0.10602673579891538}",228,400000,4,aa1b aa1f aa2b aa2f,2,0,0,20,,0,3.9041980504242932,0,0,,17,17 14 13 8 7 7 3 2 2,0.92,0.2175,2.101,True,10.1,0,
cutoff1.0_limit3.0_dt0.10602673579891538,"{""interface_detect_distance_cutoff"": 1.0, ""nerdss_overlap_sep_limit"": 3.0, ""nerdss_time_step"": 0.10602673579891538}",229,400000,4,aa1b aa1f aa2b aa2f,2,0,0,20,,0,4.01208315484499,0,0,,26,26 11 8 7 6 6 5 3 3,0.876,0.2175,2.101,True,10.9,0,
cutoff1.0_limit3.0_dt0.10602673579891538,"{""interface_detect_distance_cutoff"": 1.0, ""nerdss_overlap_sep_limit"": 3.0, ""nerdss_time_step"": 0.10602673579891538}",230,400000,4,aa1b aa1f aa2b aa2f,2,0,0,20,,0,3.9041980504504807,0,0,,25,25 15 14 11 3 3 2,0.866,0.2175,2.101,True,10.1,0,
cutoff1.0_limit3.0_dt0.10602673579891538,"{""interface_detect_distance_cutoff"": 1.0, ""nerdss_overlap_sep_limit"": 3.0, ""nerdss_time_step"": 0.10602673579891538}",231,400000,4,aa1b aa1f aa2b aa2f,2,0,0,20,,0,4.1287394489413085,0,0,,14,14 14 11 10 9 7 4 2 2,0.895,0.2175,2.101,True,9.3,0,
cutoff1.0_limit3.0_dt0.10602673579891538,"{""interface_detect_distance_cutoff"": 1.0, ""nerdss_overlap_sep_limit"": 3.0, ""nerdss_time_step"": 0.10602673579891538}",232,400000,4,aa1b aa1f aa2b aa2f,2,0,0,20,,0,3.7185997743154044,0,0,,35,35 13 9 7 5 3 2,0.852,0.2175,2.101,True,9.9,0,
cutoff1.0_limit3.0_dt0.10602673579891538,"{""interface_detect_distance_cutoff"": 1.0, ""nerdss_overlap_sep_limit"": 3.0, ""nerdss_time_step"": 0.10602673579891538}",233,400000,4,aa1b aa1f aa2b aa2f,2,0,0,20,,0,4.01208315483986,0,3,360000,29,29 22 8 6 6 3,0.842,0.2175,2.101,True,9.8,0,
cutoff1.0_limit3.0_dt0.10602673579891538,"{""interface_detect_distance_cutoff"": 1.0, ""nerdss_overlap_sep_limit"": 3.0, ""nerdss_time_step"": 0.10602673579891538}",234,400000,4,aa1b aa1f aa2b aa2f,2,0,0,20,,0,4.128739448941062,0,0,,22,22 12 10 9 6 6 6 3,0.87,0.2175,2.101,True,9.6,0,
cutoff1.0_limit3.0_dt0.10602673579891538,"{""interface_detect_distance_cutoff"": 1.0, ""nerdss_overlap_sep_limit"": 3.0, ""nerdss_time_step"": 0.10602673579891538}",235,400000,4,aa1b aa1f aa2b aa2f,2,0,0,20,,0,4.012083154837597,0,0,,13,13 12 11 8 7 7 6 4 4 2,0.904,0.2175,2.101,True,8.5,0,
cutoff1.0_limit3.0_dt0.10602673579891538,"{""interface_detect_distance_cutoff"": 1.0, ""nerdss_overlap_sep_limit"": 3.0, ""nerdss_time_step"": 0.10602673579891538}",236,400000,4,aa1b aa1f aa2b aa2f,2,0,0,20,,0,4.0120831548366045,0,0,,19,19 11 10 8 7 6 5 4 3,0.879,0.2175,2.101,True,9.5,0,
cutoff1.0_limit3.0_dt0.10602673579891538,"{""interface_detect_distance_cutoff"": 1.0, ""nerdss_overlap_sep_limit"": 3.0, ""nerdss_time_step"": 0.10602673579891538}",237,400000,4,aa1b aa1f aa2b aa2f,2,0,0,20,,0,4.128739448941584,0,3,360000,15,15 14 12 10 7 7 6 3,0.868,0.2175,2.101,True,9.3,0,
cutoff1.0_limit3.0_dt0.10602673579891538,"{""interface_detect_distance_cutoff"": 1.0, ""nerdss_overlap_sep_limit"": 3.0, ""nerdss_time_step"": 0.10602673579891538}",238,400000,4,aa1b aa1f aa2b aa2f,2,0,0,20,,0,4.012083154835678,0,0,,17,17 17 17 6 4 4 3 3 2,0.89,0.2175,2.101,True,10.4,0,
cutoff1.0_limit3.0_dt0.10602673579891538,"{""interface_detect_distance_cutoff"": 1.0, ""nerdss_overlap_sep_limit"": 3.0, ""nerdss_time_step"": 0.10602673579891538}",239,400000,4,aa1b aa1f aa2b aa2f,2,0,0,20,,0,3.904198050460576,0,0,,28,28 17 9 6 6 4 4,0.888,0.2175,2.101,True,10.1,0,
cutoff1.0_limit3.0_dt0.10602673579891538,"{""interface_detect_distance_cutoff"": 1.0, ""nerdss_overlap_sep_limit"": 3.0, ""nerdss_time_step"": 0.10602673579891538}",240,400000,4,aa1b aa1f aa2b aa2f,2,0,0,20,,0,3.90419805042229,0,0,,19,19 14 11 8 4 4 3 3 3 3,0.852,0.2175,2.101,True,8.1,0,
cutoff1.0_limit3.5,"{""interface_detect_distance_cutoff"": 1.0, ""nerdss_overlap_sep_limit"": 3.5}",1,100000,4,aa1b aa1f aa2b aa2f,2,0,0,50,,0,3.9041980504210616,0,0,,19,19 16 14 11 7 5 2,0.867,0.2175,2.101,True,3.9,0,
cutoff1.0_limit3.5,"{""interface_detect_distance_cutoff"": 1.0, ""nerdss_overlap_sep_limit"": 3.5}",2,100000,4,aa1b aa1f aa2b aa2f,2,0,0,50,,0,3.904198050434893,0,0,,20,20 16 13 6 6 4 3 3 3,0.807,0.2175,2.101,True,4.6,0,
cutoff1.0_limit3.5,"{""interface_detect_distance_cutoff"": 1.0, ""nerdss_overlap_sep_limit"": 3.5}",3,100000,4,aa1b aa1f aa2b aa2f,2,0,0,50,,0,4.01208315483715,0,0,,17,17 12 11 9 7 7 6 4 2,0.888,0.2175,2.101,True,4.2,0,
cutoff1.0_limit3.5,"{""interface_detect_distance_cutoff"": 1.0, ""nerdss_overlap_sep_limit"": 3.5}",101,1000000,4,aa1b aa1f aa2b aa2f,2,0,0,100,,0,3.7185997743280885,0,95,60000,38,38 25 12,0.926,0.2175,2.101,True,27.1,0,
cutoff1.0_limit3.5,"{""interface_detect_distance_cutoff"": 1.0, ""nerdss_overlap_sep_limit"": 3.5}",102,1000000,4,aa1b aa1f aa2b aa2f,2,0,0,100,,0,4.012083154862505,0,0,,71,71 4,0.93,0.2175,2.101,True,29.5,0,
cutoff1.0_limit3.5,"{""interface_detect_distance_cutoff"": 1.0, ""nerdss_overlap_sep_limit"": 3.5}",103,1000000,4,aa1b aa1f aa2b aa2f,2,0,0,100,,0,3.529327574435622,0,0,,57,57 14 4,0.908,0.2175,2.101,True,33.6,0,
cutoff1.0_limit3.5,"{""interface_detect_distance_cutoff"": 1.0, ""nerdss_overlap_sep_limit"": 3.5}",104,1000000,4,aa1b aa1f aa2b aa2f,2,0,0,100,,0,3.7185997743255883,0,83,180000,75,75,0.959,0.2175,2.101,True,26.5,0,
cutoff1.0_limit3.5,"{""interface_detect_distance_cutoff"": 1.0, ""nerdss_overlap_sep_limit"": 3.5}",105,1000000,4,aa1b aa1f aa2b aa2f,2,0,0,100,,0,3.718599774331699,0,0,,32,32 27 15,0.948,0.2175,2.101,True,25.1,0,
cutoff1.0_limit3.5,"{""interface_detect_distance_cutoff"": 1.0, ""nerdss_overlap_sep_limit"": 3.5}",106,1000000,4,aa1b aa1f aa2b aa2f,2,0,0,100,,0,3.718599774329284,0,0,,42,42 29 4,0.948,0.2175,2.101,True,25.1,0,
cutoff1.0_limit3.5,"{""interface_detect_distance_cutoff"": 1.0, ""nerdss_overlap_sep_limit"": 3.5}",107,1000000,4,aa1b aa1f aa2b aa2f,2,0,0,100,,0,3.9041980504869946,0,0,,41,41 33,0.957,0.2175,2.101,True,25.4,0,
cutoff1.0_limit3.5,"{""interface_detect_distance_cutoff"": 1.0, ""nerdss_overlap_sep_limit"": 3.5}",108,1000000,4,aa1b aa1f aa2b aa2f,2,0,0,100,,0,3.718599774349017,0,0,,29,29 18 11 8 7 2,0.947,0.2175,2.101,True,28.3,0,
cutoff1.0_limit3.5,"{""interface_detect_distance_cutoff"": 1.0, ""nerdss_overlap_sep_limit"": 3.5}",109,1000000,4,aa1b aa1f aa2b aa2f,2,0,0,100,,0,3.904198050427582,0,0,,55,55 20,0.944,0.2175,2.101,True,25.2,0,
cutoff1.0_limit3.5,"{""interface_detect_distance_cutoff"": 1.0, ""nerdss_overlap_sep_limit"": 3.5}",110,1000000,4,aa1b aa1f aa2b aa2f,2,0,0,100,,0,3.7185997743023838,0,0,,60,60 10 5,0.957,0.2175,2.101,True,26.2,0,
cutoff1.0_limit3.75,"{""interface_detect_distance_cutoff"": 1.0, ""nerdss_overlap_sep_limit"": 3.75}",1,100000,4,aa1b aa1f aa2b aa2f,2,0,0,50,,0,3.9041980504210616,0,0,,19,19 16 14 11 7 5 2,0.867,0.2175,2.101,True,3.7,0,
cutoff1.0_limit3.75,"{""interface_detect_distance_cutoff"": 1.0, ""nerdss_overlap_sep_limit"": 3.75}",2,100000,4,aa1b aa1f aa2b aa2f,2,0,0,50,,0,3.904198050434893,0,0,,20,20 16 13 6 6 4 3 3 3,0.807,0.2175,2.101,True,4.6,0,
cutoff1.0_limit3.75,"{""interface_detect_distance_cutoff"": 1.0, ""nerdss_overlap_sep_limit"": 3.75}",3,100000,4,aa1b aa1f aa2b aa2f,2,0,0,50,,0,4.01208315483715,0,0,,17,17 12 11 9 7 7 6 4 2,0.888,0.2175,2.101,True,4.1,0,
cutoff1.0_limit3.75,"{""interface_detect_distance_cutoff"": 1.0, ""nerdss_overlap_sep_limit"": 3.75}",101,1000000,4,aa1b aa1f aa2b aa2f,2,0,0,100,,0,3.9041980504194647,0,70,310000,42,42 33,0.93,0.2175,2.101,True,27.6,0,
cutoff1.0_limit3.75,"{""interface_detect_distance_cutoff"": 1.0, ""nerdss_overlap_sep_limit"": 3.75}",102,1000000,4,aa1b aa1f aa2b aa2f,2,0,0,100,,0,4.012083154862505,0,0,,71,71 4,0.93,0.2175,2.101,True,31.1,0,
cutoff1.0_limit3.75,"{""interface_detect_distance_cutoff"": 1.0, ""nerdss_overlap_sep_limit"": 3.75}",103,1000000,4,aa1b aa1f aa2b aa2f,2,0,0,100,,0,3.904198050410273,0,96,50000,36,36 17 15 7,0.947,0.2175,2.101,True,30.9,0,
cutoff1.0_limit3.75,"{""interface_detect_distance_cutoff"": 1.0, ""nerdss_overlap_sep_limit"": 3.75}",104,1000000,4,aa1b aa1f aa2b aa2f,2,0,0,100,,0,3.904198050460699,0,0,,44,44 30,0.937,0.2175,2.101,True,31.6,0,
cutoff1.0_limit3.75,"{""interface_detect_distance_cutoff"": 1.0, ""nerdss_overlap_sep_limit"": 3.75}",105,1000000,4,aa1b aa1f aa2b aa2f,2,0,0,100,,0,3.9041980504223526,0,30,710000,46,46 29,0.95,0.2175,2.101,True,29.8,0,
cutoff1.0_limit3.75,"{""interface_detect_distance_cutoff"": 1.0, ""nerdss_overlap_sep_limit"": 3.75}",106,1000000,4,aa1b aa1f aa2b aa2f,2,0,0,100,,0,3.9041980504176252,0,91,100000,64,64 11,0.951,0.2175,2.101,True,23.8,0,
cutoff1.0_limit3.75,"{""interface_detect_distance_cutoff"": 1.0, ""nerdss_overlap_sep_limit"": 3.75}",107,1000000,4,aa1b aa1f aa2b aa2f,2,0,0,100,,0,3.9041980504869946,0,0,,41,41 33,0.957,0.2175,2.101,True,32.2,0,
cutoff1.0_limit3.75,"{""interface_detect_distance_cutoff"": 1.0, ""nerdss_overlap_sep_limit"": 3.75}",108,1000000,4,aa1b aa1f aa2b aa2f,2,0,0,100,,0,3.904198050434001,0,0,,22,22 20 13 10 9,0.962,0.2175,2.101,True,37.2,0,
cutoff1.0_limit3.75,"{""interface_detect_distance_cutoff"": 1.0, ""nerdss_overlap_sep_limit"": 3.75}",109,1000000,4,aa1b aa1f aa2b aa2f,2,0,0,100,,0,3.904198050427582,0,0,,55,55 20,0.944,0.2175,2.101,True,31.0,0,
cutoff1.0_limit3.75,"{""interface_detect_distance_cutoff"": 1.0, ""nerdss_overlap_sep_limit"": 3.75}",110,1000000,4,aa1b aa1f aa2b aa2f,2,0,0,100,,0,3.904198050376729,0,0,,43,43 32,0.937,0.2175,2.101,True,31.3,0,
cutoff1.15_limit3.0,"{""interface_detect_distance_cutoff"": 1.15, ""nerdss_overlap_sep_limit"": 3.0}",1,100000,4,aa1b aa1f aa2b aa2f,2,0,0,50,,0,4.130348441600241,0,0,,47,47 6 6 5 3 3,0.745,0.2206,3.956,False,5.2,0,
cutoff1.15_limit3.0,"{""interface_detect_distance_cutoff"": 1.15, ""nerdss_overlap_sep_limit"": 3.0}",2,100000,4,aa1b aa1f aa2b aa2f,2,0,0,50,,0,4.130348441605351,0,0,,18,18 13 12 10 7 5 4 3,0.796,0.2206,3.956,False,4.4,0,
cutoff1.15_limit3.0,"{""interface_detect_distance_cutoff"": 1.15, ""nerdss_overlap_sep_limit"": 3.0}",3,100000,4,aa1b aa1f aa2b aa2f,2,0,0,50,,0,4.1303484416045,0,0,,17,17 13 11 9 6 6 6 5 2,0.824,0.2206,3.956,False,4.4,0,
cutoff1.15_limit3.0,"{""interface_detect_distance_cutoff"": 1.15, ""nerdss_overlap_sep_limit"": 3.0}",101,1000000,4,aa1b aa1f aa2b aa2f,2,0,0,100,,0,4.130348441604184,0,0,,37,37 26 12,0.896,0.2206,3.956,False,30.9,0,
cutoff1.15_limit3.0,"{""interface_detect_distance_cutoff"": 1.15, ""nerdss_overlap_sep_limit"": 3.0}",102,1000000,4,aa1b aa1f aa2b aa2f,2,0,0,100,,0,4.130348441602756,0,97,40000,34,34 23 18,0.847,0.2206,3.956,False,33.2,0,
cutoff1.15_limit3.0,"{""interface_detect_distance_cutoff"": 1.15, ""nerdss_overlap_sep_limit"": 3.0}",103,1000000,4,aa1b aa1f aa2b aa2f,2,0,0,100,,0,4.13034844160249,0,0,,49,49 14 9 3,0.881,0.2206,3.956,False,33.0,0,
cutoff1.15_limit3.0,"{""interface_detect_distance_cutoff"": 1.15, ""nerdss_overlap_sep_limit"": 3.0}",104,1000000,4,aa1b aa1f aa2b aa2f,2,0,0,100,,0,4.1303484416024805,0,0,,29,29 16 16 8 5,0.924,0.2206,3.956,False,24.7,0,
cutoff1.15_limit3.0,"{""interface_detect_distance_cutoff"": 1.15, ""nerdss_overlap_sep_limit"": 3.0}",105,1000000,4,aa1b aa1f aa2b aa2f,2,0,0,100,,0,4.13034844160403,0,0,,42,42 24 6 3,0.907,0.2206,3.956,False,29.0,0,
cutoff1.15_limit3.0,"{""interface_detect_distance_cutoff"": 1.15, ""nerdss_overlap_sep_limit"": 3.0}",106,1000000,4,aa1b aa1f aa2b aa2f,2,0,0,100,,0,4.130348441606901,0,0,,31,31 22 12 9,0.873,0.2206,3.956,False,32.0,0,
cutoff1.15_limit3.0,"{""interface_detect_distance_cutoff"": 1.15, ""nerdss_overlap_sep_limit"": 3.0}",107,1000000,4,aa1b aa1f aa2b aa2f,2,0,0,100,,0,4.130348441601533,0,0,,36,36 26 8 4,0.87,0.2206,3.956,False,31.6,0,
cutoff1.15_limit3.0,"{""interface_detect_distance_cutoff"": 1.15, ""nerdss_overlap_sep_limit"": 3.0}",108,1000000,4,aa1b aa1f aa2b aa2f,2,0,0,100,,0,4.130348441604749,0,0,,32,32 15 14 13,0.91,0.2206,3.956,False,27.0,0,
cutoff1.15_limit3.0,"{""interface_detect_distance_cutoff"": 1.15, ""nerdss_overlap_sep_limit"": 3.0}",109,1000000,4,aa1b aa1f aa2b aa2f,2,0,0,100,,0,4.130348441604547,0,0,,24,24 20 19 7 4,0.878,0.2206,3.956,False,31.0,0,
cutoff1.15_limit3.0,"{""interface_detect_distance_cutoff"": 1.15, ""nerdss_overlap_sep_limit"": 3.0}",110,1000000,4,aa1b aa1f aa2b aa2f,2,0,0,100,,0,4.130348441077392,0,0,,55,55 18,0.857,0.2206,3.956,False,33.8,0,
cutoff1.1_limit3.0,"{""interface_detect_distance_cutoff"": 1.1, ""nerdss_overlap_sep_limit"": 3.0}",1,100000,4,aa1b aa1f aa2b aa2f,2,0,0,50,,0,4.150336268573632,0,0,,21,21 16 8 6 5 4 4 3 2 2,0.804,0.1679,2.399,False,4.1,0,
cutoff1.1_limit3.0,"{""interface_detect_distance_cutoff"": 1.1, ""nerdss_overlap_sep_limit"": 3.0}",2,100000,4,aa1b aa1f aa2b aa2f,2,0,0,50,,0,4.150336268571853,0,0,,22,22 14 14 8 8 5 4,0.866,0.1679,2.399,False,3.8,0,
cutoff1.1_limit3.0,"{""interface_detect_distance_cutoff"": 1.1, ""nerdss_overlap_sep_limit"": 3.0}",3,100000,4,aa1b aa1f aa2b aa2f,2,0,0,50,,0,4.150336268572528,0,0,,26,26 21 12 9 5,0.84,0.1679,2.399,False,3.8,0,
cutoff1.1_limit3.0,"{""interface_detect_distance_cutoff"": 1.1, ""nerdss_overlap_sep_limit"": 3.0}",101,1000000,4,aa1b aa1f aa2b aa2f,2,0,0,100,,0,4.150336268571932,0,98,30000,44,44 22 9,0.839,0.1679,2.399,False,29.9,0,
cutoff1.1_limit3.0,"{""interface_detect_distance_cutoff"": 1.1, ""nerdss_overlap_sep_limit"": 3.0}",102,1000000,4,aa1b aa1f aa2b aa2f,2,0,0,100,,0,4.150336268457154,0,71,300000,28,28 22 15 10,0.853,0.1679,2.399,False,35.0,0,
cutoff1.1_limit3.0,"{""interface_detect_distance_cutoff"": 1.1, ""nerdss_overlap_sep_limit"": 3.0}",103,1000000,4,aa1b aa1f aa2b aa2f,2,0,0,100,,0,4.150336268571879,0,0,,29,29 15 13 12 6,0.878,0.1679,2.399,False,31.7,0,
cutoff1.1_limit3.0,"{""interface_detect_distance_cutoff"": 1.1, ""nerdss_overlap_sep_limit"": 3.0}",104,1000000,4,aa1b aa1f aa2b aa2f,2,0,0,100,,0,4.150336268574734,0,38,630000,39,39 19 17,0.842,0.1679,2.399,False,34.5,0,
cutoff1.1_limit3.0,"{""interface_detect_distance_cutoff"": 1.1, ""nerdss_overlap_sep_limit"": 3.0}",105,1000000,4,aa1b aa1f aa2b aa2f,2,0,0,100,,0,4.1503362685723255,0,97,40000,55,55 13 7,0.867,0.1679,2.399,False,33.2,0,
cutoff1.1_limit3.0,"{""interface_detect_distance_cutoff"": 1.1, ""nerdss_overlap_sep_limit"": 3.0}",106,1000000,4,aa1b aa1f aa2b aa2f,2,0,0,100,,0,4.150336268574117,0,0,,43,43 24 8,0.865,0.1679,2.399,False,29.6,0,
cutoff1.1_limit3.0,"{""interface_detect_distance_cutoff"": 1.1, ""nerdss_overlap_sep_limit"": 3.0}",107,1000000,4,aa1b aa1f aa2b aa2f,2,0,0,100,,0,4.150336268573071,0,0,,40,40 14 11 10,0.868,0.1679,2.399,False,38.1,0,
cutoff1.1_limit3.0,"{""interface_detect_distance_cutoff"": 1.1, ""nerdss_overlap_sep_limit"": 3.0}",108,1000000,4,aa1b aa1f aa2b aa2f,2,0,0,100,,0,4.150336268574105,0,0,,43,43 23 7,0.847,0.1679,2.399,False,28.4,0,
cutoff1.1_limit3.0,"{""interface_detect_distance_cutoff"": 1.1, ""nerdss_overlap_sep_limit"": 3.0}",109,1000000,4,aa1b aa1f aa2b aa2f,2,0,0,100,,0,4.150336267800421,0,0,,75,75,0.887,0.1679,2.399,False,35.0,0,
cutoff1.1_limit3.0,"{""interface_detect_distance_cutoff"": 1.1, ""nerdss_overlap_sep_limit"": 3.0}",110,1000000,4,aa1b aa1f aa2b aa2f,2,0,0,100,,0,4.150336268574339,0,0,,25,25 19 16 8 7,0.867,0.1679,2.399,False,30.7,0,
cutoff1.25_limit3.0,"{""interface_detect_distance_cutoff"": 1.25, ""nerdss_overlap_sep_limit"": 3.0}",1,100000,4,aa1b aa1f aa2b aa2f,2,0,0,50,,0,4.20375351495319,0,0,,21,21 12 11 9 7 5 3 3 3,0.909,0.0939,2.928,True,4.0,0,
cutoff1.25_limit3.0,"{""interface_detect_distance_cutoff"": 1.25, ""nerdss_overlap_sep_limit"": 3.0}",2,100000,4,aa1b aa1f aa2b aa2f,2,0,0,50,,0,4.203753514952135,0,0,,20,20 18 15 12 5,0.884,0.0939,2.928,True,3.9,0,
cutoff1.25_limit3.0,"{""interface_detect_distance_cutoff"": 1.25, ""nerdss_overlap_sep_limit"": 3.0}",3,100000,4,aa1b aa1f aa2b aa2f,2,0,0,50,,0,4.203753514716363,0,33,36000,20,20 19 11 8 7 7 2,0.881,0.0939,2.928,True,3.6,0,
cutoff1.2_limit3.0,"{""interface_detect_distance_cutoff"": 1.2, ""nerdss_overlap_sep_limit"": 3.0}",1,100000,4,aa1b aa1f aa2b aa2f,2,0,0,50,,0,4.201826655638116,0,0,,23,23 21 17 8 2,0.951,0.1132,2.937,True,3.3,0,
cutoff1.2_limit3.0,"{""interface_detect_distance_cutoff"": 1.2, ""nerdss_overlap_sep_limit"": 3.0}",2,100000,4,aa1b aa1f aa2b aa2f,2,0,0,50,,0,4.192779287779025,0,0,,15,15 11 11 9 9 7 7 3,0.915,0.1132,2.937,True,3.4,0,
cutoff1.2_limit3.0,"{""interface_detect_distance_cutoff"": 1.2, ""nerdss_overlap_sep_limit"": 3.0}",3,100000,4,aa1b aa1f aa2b aa2f,2,0,0,50,,0,4.201826655638069,0,0,,14,14 14 12 11 8 5 4 3 2,0.963,0.1132,2.937,True,3.9,0,
cutoff1.2_limit3.0,"{""interface_detect_distance_cutoff"": 1.2, ""nerdss_overlap_sep_limit"": 3.0}",101,1000000,4,aa1b aa1f aa2b aa2f,2,0,0,100,,0,4.2018266556388895,0,0,,48,48 26,0.93,0.1132,2.937,True,23.6,0,
cutoff1.2_limit3.0,"{""interface_detect_distance_cutoff"": 1.2, ""nerdss_overlap_sep_limit"": 3.0}",102,1000000,4,aa1b aa1f aa2b aa2f,2,0,0,100,,0,4.201826655637586,0,53,10000,75,75,0.958,0.1132,2.937,True,24.7,0,
cutoff1.2_limit3.0,"{""interface_detect_distance_cutoff"": 1.2, ""nerdss_overlap_sep_limit"": 3.0}",103,1000000,4,aa1b aa1f aa2b aa2f,2,0,0,100,,0,4.201826655478917,0,0,,48,48 26,0.936,0.1132,2.937,True,24.3,0,
cutoff1.2_limit3.0,"{""interface_detect_distance_cutoff"": 1.2, ""nerdss_overlap_sep_limit"": 3.0}",104,1000000,4,aa1b aa1f aa2b aa2f,2,0,0,100,,0,4.192779287771645,0,0,,38,38 37,0.916,0.1132,2.937,True,22.1,0,
cutoff1.2_limit3.0,"{""interface_detect_distance_cutoff"": 1.2, ""nerdss_overlap_sep_limit"": 3.0}",105,1000000,4,aa1b aa1f aa2b aa2f,2,0,0,100,,0,4.201826655638424,0,0,,44,44 16 15,0.943,0.1132,2.937,True,23.1,0,
cutoff1.2_limit3.0,"{""interface_detect_distance_cutoff"": 1.2, ""nerdss_overlap_sep_limit"": 3.0}",106,1000000,4,aa1b aa1f aa2b aa2f,2,0,0,100,,0,4.201826655638168,0,88,130000,34,34 28 12,0.914,0.1132,2.937,True,26.7,0,
cutoff1.2_limit3.0,"{""interface_detect_distance_cutoff"": 1.2, ""nerdss_overlap_sep_limit"": 3.0}",107,1000000,4,aa1b aa1f aa2b aa2f,2,0,0,100,,0,4.201826655637112,0,94,70000,56,56 19,0.93,0.1132,2.937,True,24.3,0,
cutoff1.2_limit3.0,"{""interface_detect_distance_cutoff"": 1.2, ""nerdss_overlap_sep_limit"": 3.0}",108,1000000,4,aa1b aa1f aa2b aa2f,2,0,0,100,,0,4.201826655637934,0,0,,51,51 24,0.914,0.1132,2.937,True,29.7,0,
cutoff1.2_limit3.0,"{""interface_detect_distance_cutoff"": 1.2, ""nerdss_overlap_sep_limit"": 3.0}",109,1000000,4,aa1b aa1f aa2b aa2f,2,0,0,100,,0,4.2018266556388655,0,0,,37,37 20 11 7,0.971,0.1132,2.937,True,28.4,0,
cutoff1.2_limit3.0,"{""interface_detect_distance_cutoff"": 1.2, ""nerdss_overlap_sep_limit"": 3.0}",110,1000000,4,aa1b aa1f aa2b aa2f,2,0,0,100,,0,4.20182665563869,0,0,,37,37 21 16,0.956,0.1132,2.937,True,23.2,0,
cutoff1.35_limit3.0,"{""interface_detect_distance_cutoff"": 1.35, ""nerdss_overlap_sep_limit"": 3.0}",1,100000,4,aa1b aa1f aa2b aa2f,2,0,0,50,,0,4.190418325022942,0,0,,35,35 10 9 5 4 3 3 2,0.84,0.1933,3.943,True,4.2,0,
cutoff1.35_limit3.0,"{""interface_detect_distance_cutoff"": 1.35, ""nerdss_overlap_sep_limit"": 3.0}",2,100000,4,aa1b aa1f aa2b aa2f,2,0,0,50,,0,4.190418325022967,0,0,,13,13 13 12 10 8 7 7,0.897,0.1933,3.943,True,3.6,0,
cutoff1.35_limit3.0,"{""interface_detect_distance_cutoff"": 1.35, ""nerdss_overlap_sep_limit"": 3.0}",3,100000,4,aa1b aa1f aa2b aa2f,2,0,0,50,,0,4.190418325022945,0,0,,23,23 17 16 9 5 4,0.855,0.1933,3.943,True,3.5,0,
cutoff1.3_limit3.0,"{""interface_detect_distance_cutoff"": 1.3, ""nerdss_overlap_sep_limit"": 3.0}",1,100000,4,aa1b aa1f aa2b aa2f,2,0,0,50,,0,4.212948321435072,0,0,,30,30 16 14 8 4 3,0.868,0.223,2.91,True,4.5,0,
cutoff1.3_limit3.0,"{""interface_detect_distance_cutoff"": 1.3, ""nerdss_overlap_sep_limit"": 3.0}",2,100000,4,aa1b aa1f aa2b aa2f,2,0,0,50,,0,4.212948321430171,0,0,,16,16 16 12 12 8 5 4,0.895,0.223,2.91,True,3.5,0,
cutoff1.3_limit3.0,"{""interface_detect_distance_cutoff"": 1.3, ""nerdss_overlap_sep_limit"": 3.0}",3,100000,4,aa1b aa1f aa2b aa2f,2,0,0,50,,0,4.212948321434877,0,19,64000,16,16 15 12 10 8 6 4,0.86,0.223,2.91,True,3.8,0,
cutoff1.4_limit3.0,"{""interface_detect_distance_cutoff"": 1.4, ""nerdss_overlap_sep_limit"": 3.0}",1,100000,4,aa1b aa1f aa2b aa2f,2,0,0,50,,0,4.0978740114217995,0,0,,22,22 18 12 10 9 2,0.975,0.1452,0.648,True,2.3,0,
cutoff1.4_limit3.0,"{""interface_detect_distance_cutoff"": 1.4, ""nerdss_overlap_sep_limit"": 3.0}",2,100000,4,aa1b aa1f aa2b aa2f,2,0,0,50,,0,4.120545963041613,0,35,32000,21,21 17 14 10 7 3,0.945,0.1452,0.648,True,2.5,0,
cutoff1.4_limit3.0,"{""interface_detect_distance_cutoff"": 1.4, ""nerdss_overlap_sep_limit"": 3.0}",3,100000,4,aa1b aa1f aa2b aa2f,2,0,0,50,,0,4.120545963046075,0,0,,17,17 16 13 8 7 5 4 2,0.99,0.1452,0.648,True,2.5,0,
defaults,{},1,100000,5,aa1b aa1f aa2b aa2f aa3,3,1,48,50,6000,46,0.29333232197538883,20,23,56000,45,45 17 10 2,0.625,0.9422,32.18,False,,0,
defaults,{},2,100000,5,aa1b aa1f aa2b aa2f aa3,3,1,49,50,4000,75,0.5802742287610693,18,45,12000,75,75,,0.9422,32.18,False,,0,
defaults,{},3,100000,5,aa1b aa1f aa2b aa2f aa3,3,1,50,50,2000,27,0.2527846071791275,19,42,18000,27,27 21 16 11,,0.9422,32.18,False,,0,
homotypic-off,"{""homotypic_detection"": ""off""}",1,100000,4,aa1b aa1f aa2b aa2f,2,0,44,50,14000,35,0.12281010123561707,0,34,34000,35,35 20 17,,0.2785,7.59,False,3.4,0,
homotypic-off_cutoff0.7,"{""homotypic_detection"": ""off"", ""interface_detect_distance_cutoff"": 0.7}",1,20000,4,aa1b aa1f aa2b aa2f,2,0,23,50,11200,14,0.5085903391091456,0,0,,14,14 12 7 5 4 4 3 3 3 3,1.0,0.5085,3.986,False,1.1,0,
homotypic-off_cutoff0.75,"{""homotypic_detection"": ""off"", ""interface_detect_distance_cutoff"": 0.75}",1,20000,4,aa1b aa1f aa2b aa2f,2,0,35,50,6400,13,0.19583601406364246,0,0,,13,13 10 6 5 5 4 4 4 3 2,0.956,0.2181,2.294,True,1.1,0,
homotypic-off_cutoff0.8,"{""homotypic_detection"": ""off"", ""interface_detect_distance_cutoff"": 0.8}",1,20000,4,aa1b aa1f aa2b aa2f,2,0,38,50,5200,14,0.39411721981337133,0,0,,14,14 8 7 6 4 4 4 3 2 2,0.892,0.3941,9.335,False,1.1,0,
homotypic-off_cutoff0.85,"{""homotypic_detection"": ""off"", ""interface_detect_distance_cutoff"": 0.85}",1,20000,4,aa1b aa1f aa2b aa2f,2,0,36,50,6000,24,0.2659597916172613,0,0,,24,24 10 7 4 3 2 2 2 2 2,0.81,0.7057,5.785,False,1.1,0,
homotypic-off_cutoff0.9,"{""homotypic_detection"": ""off"", ""interface_detect_distance_cutoff"": 0.9}",1,20000,4,aa1b aa1f aa2b aa2f,2,0,16,50,14000,8,0.2784751650696787,0,0,,8,8 8 7 7 6 4 3 3 3 2,0.839,0.2785,7.59,False,1.1,0,
homotypic-off_cutoff0.95,"{""homotypic_detection"": ""off"", ""interface_detect_distance_cutoff"": 0.95}",1,20000,4,aa1b aa1f aa2b aa2f,2,0,5,50,18400,17,0.3861912401846967,0,0,,17,17 11 7 4 4 4 4 3 2 2,0.788,0.3862,6.915,False,1.1,0,
homotypic-off_cutoff1.0,"{""homotypic_detection"": ""off"", ""interface_detect_distance_cutoff"": 1.0}",1,20000,4,aa1b aa1f aa2b aa2f,2,0,20,50,12400,7,0.13950701929104597,0,0,,8,8 7 7 6 6 6 3 3 3 2,0.923,0.2175,2.101,True,1.1,0,
homotypic-off_cutoff1.05,"{""homotypic_detection"": ""off"", ""interface_detect_distance_cutoff"": 1.05}",1,20000,4,aa1b aa1f aa2b aa2f,2,0,20,50,12400,13,0.20292844839403706,0,0,,13,13 11 9 8 4 4 3 2 2 2,0.897,0.2492,1.421,True,1.1,0,
homotypic-off_cutoff1.1,"{""homotypic_detection"": ""off"", ""interface_detect_distance_cutoff"": 1.1}",1,20000,4,aa1b aa1f aa2b aa2f,2,0,26,50,10000,13,0.13211200617417604,0,0,,13,13 8 6 6 5 5 4 4 4 3,0.875,0.1679,2.399,False,1.1,0,
homotypic-off_cutoff1.15,"{""homotypic_detection"": ""off"", ""interface_detect_distance_cutoff"": 1.15}",1,20000,4,aa1b aa1f aa2b aa2f,2,0,31,50,8000,15,0.22056337933225695,0,0,,15,15 7 7 6 4 4 3 3 3 2,0.925,0.2206,3.956,False,1.0,0,
homotypic-off_cutoff1.2,"{""homotypic_detection"": ""off"", ""interface_detect_distance_cutoff"": 1.2}",1,20000,4,aa1b aa1f aa2b aa2f,2,0,24,50,10800,12,0.1684275538042888,0,0,,12,12 11 9 5 5 4 3 3 2 2,1.0,0.1132,2.937,True,1.1,0,
homotypic-off_cutoff1.3,"{""homotypic_detection"": ""off"", ""interface_detect_distance_cutoff"": 1.3}",1,20000,4,aa1b aa1f aa2b aa2f,2,0,31,50,8000,6,0.13250547138372978,0,0,,7,7 6 6 6 4 4 4 3 3 3,0.955,0.223,2.91,True,1.1,0,
homotypic-off_cutoff1.4,"{""homotypic_detection"": ""off"", ""interface_detect_distance_cutoff"": 1.4}",1,20000,4,aa1b aa1f aa2b aa2f,2,0,30,50,8400,10,0.10472981589160589,0,0,,10,10 9 6 5 4 4 4 3 3 3,1.0,0.1452,0.648,True,1.0,0,
homotypic-off_cutoff1.5,"{""homotypic_detection"": ""off"", ""interface_detect_distance_cutoff"": 1.5}",1,20000,4,aa1b aa1f aa2b aa2f,2,0,31,50,8000,9,0.10890276958201496,0,0,,9,9 7 6 5 4 3 3 3 3 2,1.0,0.1095,0.633,True,1.2,0,
homotypic-off_limit1.0,"{""homotypic_detection"": ""off"", ""nerdss_overlap_sep_limit"": 1.0}",1,100000,4,aa1b aa1f aa2b aa2f,2,0,44,50,14000,42,1.1828635495285922,0,0,,42,42 12 8 4 3 3 2,0.762,0.2785,7.59,False,4.8,0,
homotypic-off_limit1.0,"{""homotypic_detection"": ""off"", ""nerdss_overlap_sep_limit"": 1.0}",2,100000,4,aa1b aa1f aa2b aa2f,2,0,37,50,28000,26,3.4632782884152538,0,0,,25,25 24 11 6 2 2 2,0.662,0.2785,7.59,False,5.2,0,
homotypic-off_limit1.0,"{""homotypic_detection"": ""off"", ""nerdss_overlap_sep_limit"": 1.0}",3,100000,4,aa1b aa1f aa2b aa2f,2,0,45,50,12000,37,1.1828635495186686,0,0,,21,21 15 11 10 9 3 3,0.724,0.2785,7.59,False,5.4,0,
homotypic-off_limit2.0,"{""homotypic_detection"": ""off"", ""nerdss_overlap_sep_limit"": 2.0}",1,100000,4,aa1b aa1f aa2b aa2f,2,0,38,50,26000,21,2.303477225470012,0,0,,21,21 13 12 11 8 4 2 2,0.75,0.2785,7.59,False,5.1,0,
homotypic-off_limit2.0,"{""homotypic_detection"": ""off"", ""nerdss_overlap_sep_limit"": 2.0}",2,100000,4,aa1b aa1f aa2b aa2f,2,0,37,50,28000,26,3.4632782884152538,0,0,,25,25 24 11 6 2 2 2,0.662,0.2785,7.59,False,5.3,0,
homotypic-off_limit2.0,"{""homotypic_detection"": ""off"", ""nerdss_overlap_sep_limit"": 2.0}",3,100000,4,aa1b aa1f aa2b aa2f,2,0,8,50,86000,23,2.322285712818851,0,0,,23,23 13 12 11 11 3 2,0.76,0.2785,7.59,False,4.7,0,
homotypic-off_limit3.0,"{""homotypic_detection"": ""off"", ""nerdss_overlap_sep_limit"": 3.0}",1,100000,4,aa1b aa1f aa2b aa2f,2,0,23,50,26000,13,3.794141454224905,0,0,,13,13 12 11 10 6 5 4 4 3 2,0.8,0.2785,7.59,False,4.5,0,
homotypic-off_limit3.0,"{""homotypic_detection"": ""off"", ""nerdss_overlap_sep_limit"": 3.0}",2,100000,4,aa1b aa1f aa2b aa2f,2,0,37,50,28000,26,3.4632782884152538,0,0,,25,25 24 11 6 2 2 2,0.662,0.2785,7.59,False,5.1,0,
homotypic-off_limit3.0,"{""homotypic_detection"": ""off"", ""nerdss_overlap_sep_limit"": 3.0}",3,100000,4,aa1b aa1f aa2b aa2f,2,0,8,50,86000,22,3.4949111094747836,0,0,,22,22 12 11 10 7 6 3 2,0.754,0.2785,7.59,False,4.8,0,
homotypic-off_limit3.5,"{""homotypic_detection"": ""off"", ""nerdss_overlap_sep_limit"": 3.5}",1,100000,4,aa1b aa1f aa2b aa2f,2,0,23,50,26000,13,3.794141454224905,0,0,,13,13 12 11 10 6 5 4 4 3 2,0.8,0.2785,7.59,False,4.9,0,
homotypic-off_limit3.5,"{""homotypic_detection"": ""off"", ""nerdss_overlap_sep_limit"": 3.5}",2,100000,4,aa1b aa1f aa2b aa2f,2,0,0,50,,0,4.110352321985119,0,25,52000,18,18 15 10 6 6 5 4 2 2 2,0.718,0.2785,7.59,False,4.6,0,
homotypic-off_limit3.5,"{""homotypic_detection"": ""off"", ""nerdss_overlap_sep_limit"": 3.5}",3,100000,4,aa1b aa1f aa2b aa2f,2,0,0,50,,0,4.110352321985586,0,0,,20,20 12 11 10 10 3 3 2 2,0.753,0.2785,7.59,False,4.9,0,
homotypic-off_limit3.5,"{""homotypic_detection"": ""off"", ""nerdss_overlap_sep_limit"": 3.5}",101,1000000,4,aa1b aa1f aa2b aa2f,2,0,0,100,,0,4.110352321444336,0,88,130000,28,28 21 12 8 3 3,0.717,0.2785,7.59,False,44.7,0,
homotypic-off_limit3.5,"{""homotypic_detection"": ""off"", ""nerdss_overlap_sep_limit"": 3.5}",102,1000000,4,aa1b aa1f aa2b aa2f,2,0,5,100,350000,22,4.110352321985216,0,97,40000,26,26 14 13 11 8 3,0.722,0.2785,7.59,False,40.4,0,
homotypic-off_limit3.5,"{""homotypic_detection"": ""off"", ""nerdss_overlap_sep_limit"": 3.5}",103,1000000,4,aa1b aa1f aa2b aa2f,2,0,0,100,,0,4.110352321982738,0,78,230000,32,32 20 16 6,0.727,0.2785,7.59,False,44.8,0,
homotypic-off_nres1,"{""homotypic_detection"": ""off"", ""interface_detect_n_residue_cutoff"": 1}",1,20000,4,aa1b aa1f aa2b aa2f,2,0,16,50,14000,8,0.2784751650696787,0,0,,8,8 8 7 7 6 4 3 3 3 2,0.839,0.2785,7.59,False,1.0,0,
homotypic-off_nres3,"{""homotypic_detection"": ""off"", ""interface_detect_n_residue_cutoff"": 3}",1,20000,4,aa1b aa1f aa2b aa2f,2,0,16,50,14000,8,0.2784751650696787,0,0,,8,8 8 7 7 6 4 3 3 3 2,0.839,0.2785,7.59,False,1.0,0,
homotypic-off_nres5,"{""homotypic_detection"": ""off"", ""interface_detect_n_residue_cutoff"": 5}",1,20000,4,aa1b aa1f aa2b aa2f,2,0,16,50,14000,8,0.2784751650696787,0,0,,8,8 8 7 7 6 4 3 3 3 2,0.839,0.2785,7.59,False,1.0,0,
homotypic-off_nres8,"{""homotypic_detection"": ""off"", ""interface_detect_n_residue_cutoff"": 8}",1,20000,4,aa1b aa1f aa2b aa2f,2,0,16,50,14000,8,0.2784751650696787,0,0,,8,8 8 7 7 6 4 3 3 3 2,0.839,0.2785,7.59,False,1.0,0,
homotypic-off_treg-1.0,"{""homotypic_detection"": ""off"", ""template_regularization_strength"": -1.0}",1,20000,4,aa1b aa1f aa2b aa2f,2,0,16,50,14000,8,0.27847590949286255,0,0,,8,8 8 7 7 6 4 3 3 3 2,0.839,0.2785,7.59,False,1.2,0,
homotypic-off_treg0.25,"{""homotypic_detection"": ""off"", ""template_regularization_strength"": 0.25}",1,20000,4,aa1b aa1f aa2b aa2f,2,0,41,50,4000,16,0.577175310248014,0,0,,16,16 14 6 5 4 4 3 3 2 2,0.821,0.5772,8.199,False,1.2,0,
homotypic-off_treg0.5,"{""homotypic_detection"": ""off"", ""template_regularization_strength"": 0.5}",1,20000,4,aa1b aa1f aa2b aa2f,2,0,27,50,9600,9,1.2962510818540292,0,0,,8,8 8 7 7 6 5 4 3 2 2,0.75,1.3388,11.881,False,1.2,0,
homotypic-off_treg1.0,"{""homotypic_detection"": ""off"", ""template_regularization_strength"": 1.0}",1,20000,4,aa1b aa1f aa2b aa2f,2,0,39,50,4800,10,1.0120104070118237,0,21,12000,10,10 9 8 4 4 4 4 3 3 3,0.8,1.1609,15.602,False,1.2,0,
limit1.0,"{""nerdss_overlap_sep_limit"": 1.0}",1,100000,5,aa1b aa1f aa2b aa2f aa3,3,1,48,50,6000,52,1.0180706403636959,16,32,38000,52,52 13 5 5,0.667,0.9422,32.18,False,9.1,0,
limit1.0,"{""nerdss_overlap_sep_limit"": 1.0}",2,100000,5,aa1b aa1f aa2b aa2f aa3,3,1,49,50,4000,56,1.0634387175794515,21,46,10000,56,56 19,,0.9422,32.18,False,9.5,0,
limit1.0,"{""nerdss_overlap_sep_limit"": 1.0}",3,100000,5,aa1b aa1f aa2b aa2f aa3,3,1,50,50,2000,58,1.0634387175805604,24,33,36000,58,58 15,,0.9422,32.18,False,7.4,0,
limit3.5,"{""nerdss_overlap_sep_limit"": 3.5}",1,100000,5,aa1b aa1f aa2b aa2f aa3,3,1,45,50,12000,18,4.128891010928699,8,0,,20,20 17 12 6 6 4 4 3,0.644,0.9422,32.18,False,5.8,0,
limit3.5,"{""nerdss_overlap_sep_limit"": 3.5}",2,100000,5,aa1b aa1f aa2b aa2f aa3,3,1,47,50,8000,14,4.096281782265804,15,9,84000,14,14 9 9 8 7 7 5 5 5 4,0.667,0.9422,32.18,False,5.1,0,
limit3.5,"{""nerdss_overlap_sep_limit"": 3.5}",3,100000,5,aa1b aa1f aa2b aa2f aa3,3,1,50,50,2000,26,4.09628178235062,10,0,,26,26 10 9 8 7 6 3 2 2,0.722,0.9422,32.18,False,5.6,0,
limit3.5,"{""nerdss_overlap_sep_limit"": 3.5}",101,1000000,5,aa1b aa1f aa2b aa2f aa3,3,1,100,100,10000,51,3.5382580354734405,13,82,190000,27,27 16 11 8 7 5,0.571,0.9422,32.18,False,71.2,0,
limit3.5,"{""nerdss_overlap_sep_limit"": 3.5}",102,1000000,5,aa1b aa1f aa2b aa2f aa3,3,1,100,100,10000,52,3.5573987845712285,11,98,30000,51,51 7 5 4 4 2,1.0,0.9422,32.18,False,70.1,0,
limit3.5,"{""nerdss_overlap_sep_limit"": 3.5}",103,1000000,5,aa1b aa1f aa2b aa2f aa3,3,1,100,100,10000,57,3.594757520200943,6,62,390000,23,23 20 12 6 6 5,0.618,0.9422,32.18,False,66.9,0,
